customer_tenure,customer_location,customer_type,order_value,payment_method,order_frequency,discount_applied,return_status,anomaly,anomaly_score
39,2.0,1.0,4015.21,2.0,9,5,0.0,1,0.11070308075891444
52,3.0,1.0,2205.61,1.0,3,15,0.0,1,0.13324072538327836
29,7.0,1.0,858.84,2.0,8,30,0.0,1,0.08784170663006852
15,4.0,1.0,500.0,3.0,1,0,0.0,1,0.07299777502076432
43,7.0,1.0,1843.5,4.0,9,40,1.0,-1,-0.01308406696455744
8,2.0,0.0,720.5,0.0,9,20,0.0,1,0.011078009167793001
21,2.0,1.0,6396.56,2.0,2,30,1.0,1,0.0036274146224136716
39,2.0,1.0,1524.44,2.0,4,15,1.0,1,0.09187674157295256
58,5.0,1.0,1483.44,1.0,8,25,0.0,1,0.09116159977938143
19,5.0,1.0,500.0,1.0,7,0,0.0,1,0.12095215628578665
23,0.0,1.0,2100.52,2.0,1,30,0.0,1,0.07441442623848704
11,0.0,0.0,1503.2,3.0,5,0,0.0,1,0.06605881740650288
11,2.0,0.0,5106.59,0.0,7,30,0.0,1,1.0018802884759204e-05
24,3.0,1.0,2752.71,1.0,4,50,0.0,1,0.09365392545528728
53,6.0,1.0,2486.7,3.0,1,0,0.0,1,0.09215694520595907
36,5.0,1.0,2297.99,4.0,9,0,0.0,1,0.10487110828475926
40,3.0,1.0,3679.26,1.0,5,25,0.0,1,0.13867985062419863
24,1.0,1.0,1821.51,3.0,2,0,0.0,1,0.10300267297476096
3,5.0,0.0,3500.81,3.0,8,30,0.0,1,0.043719843706022
22,5.0,1.0,4920.95,0.0,2,0,1.0,1,0.009879627016864845
53,0.0,1.0,3190.11,0.0,3,0,0.0,1,0.08269307739494991
2,6.0,0.0,2125.4,4.0,1,50,0.0,-1,-0.019077935289965486
24,6.0,1.0,1069.81,3.0,2,20,0.0,1,0.10494997676090778
44,4.0,1.0,2087.31,3.0,7,30,1.0,1,0.07541980415210348
30,7.0,1.0,3344.62,0.0,2,5,0.0,1,0.08913721920811435
38,7.0,1.0,500.0,1.0,6,20,0.0,1,0.11974563861810772
2,7.0,0.0,3747.31,1.0,3,15,0.0,1,0.03924996779975087
60,7.0,1.0,2811.42,2.0,4,20,1.0,1,0.048122044274304
21,1.0,1.0,2276.22,0.0,8,20,0.0,1,0.09960916978512396
33,1.0,1.0,1510.88,2.0,3,15,0.0,1,0.13156189605230123
12,5.0,0.0,1785.43,0.0,6,10,0.0,1,0.04723278825221677
58,2.0,1.0,3395.96,4.0,1,0,0.0,1,0.08299893626332033
22,0.0,1.0,2307.68,3.0,7,25,0.0,1,0.10766213506666689
44,0.0,1.0,1748.29,4.0,8,0,0.0,1,0.09489709255504686
25,7.0,1.0,3202.85,0.0,8,20,1.0,1,0.02832334503633016
49,5.0,1.0,3262.28,3.0,3,0,1.0,1,0.07334131942045907
27,4.0,1.0,626.24,1.0,1,20,0.0,1,0.09978419138596972
59,3.0,1.0,3357.22,1.0,9,25,0.0,1,0.0757020529964676
42,2.0,1.0,6252.55,2.0,6,0,1.0,1,0.03868111202158231
28,5.0,1.0,3204.43,0.0,9,0,0.0,1,0.09463477883973981
60,2.0,1.0,500.0,0.0,7,0,0.0,1,0.058753680489599835
16,2.0,1.0,2766.06,1.0,1,20,1.0,1,0.037978168998832995
15,2.0,1.0,500.0,4.0,1,30,0.0,1,0.05286765240646685
47,5.0,1.0,7251.06,3.0,6,0,1.0,1,0.03293290467367749
51,7.0,1.0,5853.51,4.0,5,25,1.0,-1,-0.01162452118981161
44,0.0,1.0,1501.09,4.0,9,5,1.0,1,0.008118055165321492
55,0.0,1.0,500.0,1.0,2,10,0.0,1,0.07225190005801285
52,7.0,1.0,1182.44,1.0,8,40,1.0,1,0.011459070671609783
57,2.0,1.0,2228.51,1.0,5,5,1.0,1,0.0677298350545712
3,3.0,0.0,500.0,2.0,2,10,0.0,1,0.03866087586963285
37,6.0,1.0,2396.47,4.0,6,0,0.0,1,0.12309164419267343
51,5.0,1.0,2218.63,0.0,8,0,0.0,1,0.1047047493252386
7,6.0,0.0,2687.73,3.0,4,0,0.0,1,0.07762113636867574
21,4.0,1.0,2844.47,2.0,2,0,1.0,1,0.0648989851888182
9,7.0,0.0,1051.57,0.0,5,20,0.0,1,0.03356102662874505
39,3.0,1.0,1219.88,4.0,2,10,0.0,1,0.09937666589153599
18,5.0,1.0,2568.39,1.0,2,15,0.0,1,0.12242330399499562
4,7.0,0.0,1553.51,4.0,6,0,0.0,1,0.03399046987980825
25,2.0,1.0,3861.24,3.0,9,0,0.0,1,0.10860342442747856
60,0.0,1.0,2553.84,2.0,4,20,1.0,1,0.04930597479337706
14,6.0,1.0,5297.5,2.0,6,50,0.0,1,0.028726726859472085
50,1.0,1.0,3730.72,3.0,7,0,1.0,1,0.07079056013776996
58,1.0,1.0,4155.57,0.0,6,30,0.0,1,0.06707573669052436
9,3.0,0.0,2698.85,0.0,8,15,0.0,1,0.047729437680122166
26,2.0,1.0,2736.04,2.0,4,15,0.0,1,0.1481398526968717
53,4.0,1.0,5096.98,2.0,1,15,0.0,1,0.07114121564330811
2,6.0,0.0,1932.56,1.0,7,0,0.0,1,0.06064361167238719
20,2.0,1.0,3320.17,0.0,3,0,0.0,1,0.11234763557835803
28,6.0,1.0,2100.64,3.0,6,20,0.0,1,0.14421449292963862
47,3.0,1.0,2097.05,0.0,2,5,0.0,1,0.11298901712526976
60,3.0,1.0,746.66,1.0,9,40,0.0,1,0.02338616554749895
7,4.0,0.0,1386.23,2.0,1,10,0.0,1,0.04037614249987265
44,1.0,1.0,1107.6,2.0,6,0,0.0,1,0.12337661258551313
8,2.0,0.0,3391.55,1.0,6,25,0.0,1,0.06515655590132541
47,5.0,1.0,4060.31,3.0,5,0,0.0,1,0.13131637336759017
35,1.0,1.0,2357.87,2.0,5,15,0.0,1,0.15190541497909488
14,2.0,1.0,2844.44,4.0,1,20,1.0,1,0.012802123918720598
17,1.0,1.0,2271.29,2.0,5,40,0.0,1,0.09192306351309443
36,5.0,1.0,1283.84,4.0,2,25,0.0,1,0.09271954653896441
50,0.0,1.0,3793.39,1.0,7,20,0.0,1,0.08565578478000702
40,0.0,1.0,3478.8,1.0,3,20,0.0,1,0.11094825885200471
4,4.0,0.0,500.0,2.0,4,40,0.0,1,0.026709521363381006
2,0.0,0.0,2075.34,0.0,3,0,0.0,1,0.002178336885439225
6,0.0,0.0,1176.96,4.0,3,0,0.0,1,0.03608960711362119
54,7.0,1.0,1913.59,3.0,4,0,0.0,1,0.10167013300503064
42,6.0,1.0,1494.35,2.0,5,0,0.0,1,0.13560411411115847
4,7.0,0.0,2430.37,3.0,1,20,1.0,-1,-0.009485706470192312
54,7.0,1.0,2005.13,2.0,4,20,1.0,1,0.06358175708514369
29,4.0,1.0,1973.29,0.0,8,15,0.0,1,0.107567968100644
18,7.0,1.0,4161.08,0.0,7,0,0.0,1,0.08200009053432655
26,0.0,1.0,3335.77,0.0,9,25,0.0,1,0.05517238959087756
44,5.0,1.0,1444.16,0.0,5,5,1.0,1,0.06546043826475467
34,4.0,1.0,1666.68,1.0,4,20,0.0,1,0.15180216095623417
10,4.0,0.0,3237.69,1.0,8,15,0.0,1,0.05549793717820273
36,3.0,1.0,3235.63,4.0,9,5,0.0,1,0.10396916891428992
14,4.0,1.0,1594.33,3.0,7,0,1.0,1,0.05516139676938292
31,3.0,1.0,2149.01,2.0,7,0,0.0,1,0.14887412023709323
48,4.0,1.0,5270.21,2.0,5,30,0.0,1,0.09391274026320195
15,6.0,1.0,1620.18,1.0,4,40,0.0,1,0.09167693136842336
8,0.0,0.0,5366.21,2.0,1,20,0.0,-1,-0.009124293550691887
14,4.0,1.0,4155.5,1.0,7,0,0.0,1,0.09858877102271091
23,0.0,1.0,5088.12,4.0,1,10,0.0,1,0.03410274118349055
60,0.0,1.0,1556.39,3.0,1,25,0.0,1,0.04763655470193051
57,1.0,1.0,2247.17,4.0,5,25,1.0,1,0.03845804187385782
40,4.0,1.0,1826.25,0.0,9,0,0.0,1,0.10564807319556813
21,2.0,1.0,4190.13,0.0,6,0,0.0,1,0.10596742927019209
16,1.0,1.0,1648.47,0.0,3,25,0.0,1,0.09988208503958512
45,2.0,1.0,3596.82,4.0,3,5,0.0,1,0.11438876876838444
18,0.0,1.0,3517.45,2.0,7,0,0.0,1,0.10284250704679965
47,0.0,1.0,2427.96,3.0,6,0,0.0,1,0.11575570670346236
53,1.0,1.0,4447.99,0.0,9,15,1.0,1,0.003117920376192629
24,1.0,1.0,2661.52,0.0,6,30,0.0,1,0.10283542712729926
26,2.0,1.0,3751.13,0.0,5,50,0.0,1,0.05206090377465744
25,3.0,1.0,1757.94,3.0,7,15,0.0,1,0.13546074849050976
60,2.0,1.0,1414.84,0.0,1,15,0.0,1,0.06505245845810315
60,1.0,1.0,3596.72,3.0,7,0,1.0,1,0.04492653730528595
60,5.0,1.0,3146.26,0.0,3,15,0.0,1,0.09476339640706877
45,1.0,1.0,2864.96,4.0,9,5,0.0,1,0.08389759589246581
41,5.0,1.0,1984.47,4.0,6,20,1.0,1,0.06284923678612953
29,6.0,1.0,4823.81,3.0,9,5,0.0,1,0.09080709608021031
15,1.0,1.0,825.12,4.0,5,0,0.0,1,0.08925492157815618
45,6.0,1.0,742.99,3.0,7,0,1.0,1,0.04900479371519362
1,3.0,0.0,3913.25,4.0,4,5,0.0,1,0.04087297843077731
25,2.0,1.0,3790.14,4.0,7,0,0.0,1,0.10967726349694029
7,5.0,0.0,3030.64,3.0,1,0,0.0,1,0.039998093142740276
9,2.0,0.0,2068.07,2.0,7,50,0.0,1,0.025438103662858924
24,6.0,1.0,3253.63,4.0,8,10,1.0,1,0.029561752506591987
1,5.0,0.0,5081.25,0.0,5,15,1.0,-1,-0.04938657069725583
44,2.0,1.0,6273.32,2.0,2,30,0.0,1,0.05573668550520605
8,1.0,0.0,500.0,3.0,5,50,0.0,-1,-0.00883688582161879
24,0.0,1.0,1871.62,2.0,6,15,0.0,1,0.1183126886210199
11,6.0,0.0,1777.34,1.0,2,30,1.0,1,0.006110520608567205
51,2.0,1.0,4939.78,1.0,6,5,0.0,1,0.10018028072128882
17,6.0,1.0,500.0,4.0,6,5,0.0,1,0.08192172664406383
8,7.0,0.0,3270.75,4.0,1,10,0.0,1,0.011544966936324341
35,6.0,1.0,2114.78,0.0,1,20,0.0,1,0.1017174660660704
35,5.0,1.0,4957.17,2.0,3,20,1.0,1,0.05723207659648144
33,7.0,1.0,4751.56,1.0,3,5,0.0,1,0.10018127676938293
59,4.0,1.0,3048.26,4.0,4,0,0.0,1,0.1009074518023122
5,5.0,0.0,500.0,2.0,2,20,0.0,1,0.044678719635078745
42,0.0,1.0,1639.17,4.0,9,0,0.0,1,0.07968791408386522
39,7.0,1.0,1803.41,4.0,7,15,0.0,1,0.09664396279252213
58,4.0,1.0,510.32,1.0,7,20,0.0,1,0.09189206363722524
41,1.0,1.0,4231.88,1.0,6,25,0.0,1,0.11246134991270779
28,6.0,1.0,500.0,4.0,3,25,0.0,1,0.08267754708886887
7,2.0,0.0,5447.99,3.0,6,30,0.0,1,0.02629722424301495
9,3.0,0.0,5444.23,4.0,8,10,0.0,1,0.023497441358976245
8,6.0,0.0,1922.41,4.0,8,25,0.0,1,0.04204291081051792
12,4.0,0.0,2992.74,0.0,9,20,0.0,1,0.030170102651658093
34,6.0,1.0,2391.57,0.0,1,0,0.0,1,0.0907621155122662
33,0.0,1.0,3852.74,0.0,1,0,0.0,1,0.06353552555651898
48,1.0,1.0,4412.02,3.0,3,0,1.0,1,0.05112832789565047
55,3.0,1.0,2887.0,3.0,3,10,0.0,1,0.11744881379880118
23,7.0,1.0,3203.68,4.0,8,20,0.0,1,0.08909517256020238
24,7.0,1.0,1569.09,0.0,1,30,0.0,1,0.06107207337442755
37,7.0,1.0,3155.07,3.0,2,0,0.0,1,0.10579533313679274
35,4.0,1.0,2744.14,1.0,2,0,0.0,1,0.1404763589109163
44,5.0,1.0,1132.31,4.0,3,50,0.0,1,0.0444944959877388
40,5.0,1.0,2478.94,2.0,6,0,0.0,1,0.15604956658593028
22,2.0,1.0,1925.23,4.0,1,10,0.0,1,0.0930890257844097
27,3.0,1.0,1585.76,2.0,2,15,0.0,1,0.12921160559675454
35,7.0,1.0,780.26,0.0,1,15,0.0,1,0.06915190465838084
1,5.0,0.0,2593.75,2.0,5,0,0.0,1,0.06288337136589084
35,4.0,1.0,1329.29,0.0,7,0,1.0,1,0.06304614351015392
37,2.0,1.0,1793.34,1.0,8,0,0.0,1,0.14597888257114677
47,1.0,1.0,4112.69,2.0,1,15,0.0,1,0.10107639174512906
14,2.0,1.0,3448.17,4.0,7,15,0.0,1,0.09611674758525329
3,5.0,0.0,1031.85,0.0,5,0,0.0,1,0.028501857683355447
1,0.0,0.0,3027.84,4.0,1,20,0.0,1,0.0008715198081759024
5,4.0,0.0,2699.17,3.0,3,30,0.0,1,0.06327780804498162
26,0.0,1.0,5052.54,0.0,7,0,0.0,1,0.06193388128199695
55,7.0,1.0,4574.72,2.0,1,10,0.0,1,0.05489702123886131
14,0.0,1.0,500.0,0.0,7,20,0.0,1,0.054839708043143975
39,7.0,1.0,3791.69,4.0,5,0,1.0,1,0.04013817517607443
27,7.0,1.0,4397.8,1.0,1,5,0.0,1,0.06716320548703103
9,5.0,0.0,3339.04,0.0,1,20,0.0,1,0.00982392263885945
15,0.0,1.0,1996.88,2.0,1,30,1.0,1,0.019756652645903428
15,7.0,1.0,6120.09,3.0,9,30,0.0,1,0.008857171677527531
26,3.0,1.0,3477.11,1.0,3,15,0.0,1,0.14080245731452656
42,1.0,1.0,5464.82,3.0,5,25,1.0,1,0.03323060192986704
60,2.0,1.0,4527.22,0.0,9,5,0.0,1,0.033797387481303565
13,2.0,1.0,3196.2,4.0,6,20,0.0,1,0.0973954265764288
51,5.0,1.0,1630.45,4.0,9,10,1.0,1,0.019383257134207188
32,0.0,1.0,2463.84,2.0,8,0,0.0,1,0.12238084878180866
39,0.0,1.0,2167.13,4.0,8,25,0.0,1,0.0996897880017989
49,7.0,1.0,678.22,1.0,1,15,0.0,1,0.07846825204344232
52,4.0,1.0,3475.42,4.0,9,5,0.0,1,0.08281003926095576
32,6.0,1.0,4851.03,2.0,6,40,0.0,1,0.08564563904123057
4,7.0,0.0,2052.54,0.0,9,0,0.0,1,0.0016738244677166891
30,1.0,1.0,5745.48,0.0,3,5,1.0,1,0.0029455650631532437
37,3.0,1.0,500.0,4.0,3,0,0.0,1,0.11087635886731195
23,2.0,1.0,4081.55,3.0,6,25,0.0,1,0.11381512891622048
39,7.0,1.0,5007.28,0.0,9,25,1.0,-1,-0.003661789674287652
45,6.0,1.0,2193.95,4.0,7,5,0.0,1,0.10585151255360387
15,6.0,1.0,2220.92,2.0,3,20,0.0,1,0.12404427824551617
43,7.0,1.0,4064.15,4.0,3,5,0.0,1,0.07881015654139378
29,5.0,1.0,3258.99,0.0,2,25,0.0,1,0.09794912629345864
36,2.0,1.0,500.0,2.0,9,10,0.0,1,0.10617007966950914
13,5.0,1.0,1234.94,4.0,3,10,0.0,1,0.08918349960055094
32,3.0,1.0,2479.68,1.0,5,40,0.0,1,0.11537549928347923
7,6.0,0.0,500.0,2.0,9,0,0.0,1,0.030054004435696058
59,6.0,1.0,1788.74,1.0,8,0,0.0,1,0.0881064142836635
51,1.0,1.0,500.0,3.0,2,15,0.0,1,0.08327625082583578
22,3.0,1.0,1944.74,2.0,3,50,0.0,1,0.09230752611749538
28,6.0,1.0,1995.07,1.0,2,5,0.0,1,0.12167862197722407
2,3.0,0.0,3027.63,0.0,8,0,0.0,1,0.03771584875988465
42,2.0,1.0,2362.36,0.0,6,5,0.0,1,0.1248099206410081
45,0.0,1.0,3254.18,3.0,6,15,1.0,1,0.06046000796977391
57,6.0,1.0,3075.32,2.0,9,0,0.0,1,0.07329965235090219
53,1.0,1.0,4047.01,2.0,8,20,0.0,1,0.0913405687301525
6,2.0,0.0,3810.67,2.0,4,50,1.0,-1,-0.015502164321670397
28,7.0,1.0,3652.19,3.0,4,10,0.0,1,0.11244520349815695
28,3.0,1.0,7157.3,2.0,9,5,0.0,1,0.04180975213991833
44,7.0,1.0,3021.1,0.0,1,10,0.0,1,0.0699448733871858
44,5.0,1.0,6390.36,1.0,2,0,0.0,1,0.07876098199932846
20,2.0,1.0,3118.33,0.0,2,30,0.0,1,0.08228395089178975
30,7.0,1.0,2375.72,0.0,6,10,0.0,1,0.11444387461742389
11,4.0,0.0,1940.25,1.0,4,5,1.0,1,0.025342065221939714
58,4.0,1.0,4764.59,0.0,3,20,0.0,1,0.07694352843206576
55,6.0,1.0,4960.76,3.0,3,10,0.0,1,0.0894338491021609
28,3.0,1.0,3399.68,1.0,3,20,0.0,1,0.1437252731138623
25,0.0,1.0,4200.32,0.0,6,0,0.0,1,0.08726143690305621
39,2.0,1.0,584.17,4.0,8,30,0.0,1,0.08749143481949151
33,6.0,1.0,500.0,0.0,7,40,0.0,1,0.06006779374202087
1,1.0,0.0,4369.49,3.0,4,20,1.0,-1,-0.016812665945416527
57,5.0,1.0,2309.78,2.0,4,50,1.0,1,0.0037052113694363564
27,3.0,1.0,3623.95,0.0,2,0,0.0,1,0.10213660914703332
57,2.0,1.0,1424.07,2.0,1,10,0.0,1,0.0813107727828758
52,4.0,1.0,4985.48,4.0,9,20,0.0,1,0.04950660864725542
13,2.0,1.0,500.0,0.0,2,15,0.0,1,0.07433317639779347
41,0.0,1.0,500.0,1.0,8,10,1.0,1,0.03757048774434102
3,4.0,0.0,4666.47,2.0,9,5,0.0,1,0.027292716088000213
39,0.0,1.0,500.0,4.0,4,0,0.0,1,0.09541996319812407
6,1.0,0.0,3067.85,1.0,8,5,0.0,1,0.06596973526157102
8,5.0,0.0,2339.01,1.0,9,0,0.0,1,0.05185095756739144
27,1.0,1.0,1396.07,1.0,5,25,0.0,1,0.1268487757994316
9,6.0,0.0,2200.09,1.0,7,0,1.0,1,0.022091585178193207
37,6.0,1.0,1228.71,0.0,4,0,0.0,1,0.11826471643594727
33,1.0,1.0,4813.38,0.0,1,15,0.0,1,0.06747060304981889
51,5.0,1.0,5206.75,0.0,3,15,0.0,1,0.07036016473446105
42,1.0,1.0,1471.39,4.0,5,30,0.0,1,0.09179131253868511
44,5.0,1.0,2913.29,4.0,3,15,1.0,1,0.04554762419351488
24,5.0,1.0,512.39,4.0,7,5,1.0,1,0.020246768295544948
15,7.0,1.0,4109.58,3.0,9,30,0.0,1,0.05367776371600075
59,4.0,1.0,4070.51,4.0,6,15,0.0,1,0.08020422595084742
54,3.0,1.0,2057.11,0.0,1,0,1.0,1,0.026809699805573795
32,5.0,1.0,2525.33,0.0,7,15,1.0,1,0.07175999616102846
32,0.0,1.0,2359.35,3.0,3,40,1.0,1,0.02141175617406954
24,5.0,1.0,500.0,3.0,5,5,0.0,1,0.12376984089025655
41,5.0,1.0,4819.01,4.0,4,0,1.0,1,0.041296400454162496
52,5.0,1.0,1349.57,2.0,5,0,0.0,1,0.12996059610374022
49,7.0,1.0,1359.78,3.0,5,0,0.0,1,0.10735042632971808
49,4.0,1.0,2274.37,1.0,6,10,0.0,1,0.13775563221003445
58,7.0,1.0,3993.32,0.0,6,15,1.0,1,0.017098979407180526
52,6.0,1.0,1613.05,1.0,8,0,0.0,1,0.10989861482720226
12,7.0,0.0,500.0,0.0,8,40,1.0,-1,-0.044250844961847835
39,0.0,1.0,1169.5,0.0,9,25,0.0,1,0.055729001849030735
2,0.0,0.0,3136.21,3.0,8,15,0.0,1,0.042780682041736795
3,7.0,0.0,5784.63,3.0,2,30,0.0,-1,-0.004003490854047165
49,4.0,1.0,610.12,1.0,1,0,0.0,1,0.08515419872248897
37,1.0,1.0,555.25,0.0,2,10,0.0,1,0.08765969377835059
49,3.0,1.0,500.0,1.0,2,20,0.0,1,0.11126489849466992
56,4.0,1.0,500.0,2.0,3,30,0.0,1,0.09490444454045999
17,7.0,1.0,4308.54,1.0,7,25,0.0,1,0.08566220175901595
59,5.0,1.0,4742.03,4.0,2,0,0.0,1,0.0534955413053716
49,2.0,1.0,2766.63,1.0,1,40,0.0,1,0.075852478042434
2,3.0,0.0,1798.43,4.0,6,0,0.0,1,0.052864854062858346
2,3.0,0.0,5186.72,4.0,9,30,0.0,-1,-0.0009016740668615908
28,0.0,1.0,2760.86,4.0,3,50,0.0,1,0.040904327975185284
54,3.0,1.0,4134.16,2.0,6,0,0.0,1,0.12061306631515062
23,7.0,1.0,1725.33,1.0,3,25,0.0,1,0.11745689650100355
37,5.0,1.0,2566.37,1.0,1,0,0.0,1,0.11654916552537503
32,5.0,1.0,643.99,2.0,5,10,1.0,1,0.07668416049617166
33,6.0,1.0,3443.87,0.0,4,15,0.0,1,0.11551417893074956
1,5.0,0.0,2786.41,3.0,7,15,0.0,1,0.055006887323561515
19,4.0,1.0,1158.16,1.0,6,40,0.0,1,0.08933799327816783
2,5.0,0.0,1178.34,3.0,7,20,0.0,1,0.054201728062477805
53,0.0,1.0,4923.94,2.0,5,10,0.0,1,0.08900136181315166
44,5.0,1.0,5457.5,0.0,4,30,1.0,1,0.007855132031625023
26,6.0,1.0,2180.3,0.0,7,50,0.0,1,0.05644589300747027
32,2.0,1.0,2601.63,0.0,7,0,1.0,1,0.06420652948913219
6,7.0,0.0,3100.17,2.0,6,50,1.0,-1,-0.02475654331398558
32,0.0,1.0,2722.05,4.0,8,0,0.0,1,0.10489397813865486
55,4.0,1.0,500.0,4.0,4,30,0.0,1,0.07214752205059727
4,2.0,0.0,3141.81,3.0,5,0,0.0,1,0.08147238247929034
55,0.0,1.0,500.0,4.0,4,0,0.0,1,0.0682715954561266
11,1.0,0.0,1400.97,4.0,1,10,1.0,-1,-0.029253099408881322
56,3.0,1.0,3258.14,0.0,8,20,0.0,1,0.0767473687116369
59,1.0,1.0,3399.99,0.0,1,5,0.0,1,0.07283788263075952
17,5.0,1.0,1284.89,3.0,5,0,0.0,1,0.13147901236404458
38,2.0,1.0,1812.34,1.0,6,15,0.0,1,0.14987185941331183
24,5.0,1.0,1609.25,3.0,6,40,0.0,1,0.0920707021066468
5,3.0,0.0,2345.73,3.0,5,5,0.0,1,0.07741320672813046
52,0.0,1.0,2459.81,2.0,3,0,1.0,1,0.048743190009547854
34,3.0,1.0,3502.7,2.0,5,10,0.0,1,0.15334243751660936
6,6.0,0.0,1724.65,3.0,8,0,0.0,1,0.06410257106362982
22,3.0,1.0,3060.09,3.0,2,30,1.0,1,0.041735743167938266
11,6.0,0.0,3260.52,3.0,6,30,1.0,-1,-0.0002855574545531647
48,3.0,1.0,2797.43,4.0,9,15,0.0,1,0.09315914575315454
16,7.0,1.0,2110.59,2.0,8,5,0.0,1,0.10935675836096204
33,6.0,1.0,2770.97,3.0,8,25,1.0,1,0.062019239866378806
9,2.0,0.0,3627.61,0.0,8,15,0.0,1,0.042970465813339964
60,5.0,1.0,3758.78,0.0,7,30,0.0,1,0.06048641954721612
59,4.0,1.0,5223.06,4.0,8,20,0.0,1,0.04071064837183547
6,5.0,0.0,1014.96,4.0,6,25,0.0,1,0.03775405233046114
16,1.0,1.0,1839.99,1.0,2,15,0.0,1,0.10661613741908371
29,5.0,1.0,500.0,1.0,2,10,0.0,1,0.11414365572960167
3,0.0,0.0,3896.51,1.0,8,50,0.0,-1,-0.014857192214421722
20,7.0,1.0,1998.24,4.0,1,15,0.0,1,0.05976495267416049
60,3.0,1.0,2809.29,4.0,6,20,0.0,1,0.08059567375155119
59,1.0,1.0,1593.49,4.0,6,0,1.0,1,0.026623554206052336
36,0.0,1.0,2009.94,0.0,4,20,0.0,1,0.10428663144606792
19,0.0,1.0,4334.79,4.0,3,15,0.0,1,0.05930999414949378
26,6.0,1.0,3541.35,0.0,3,0,0.0,1,0.10187377035885664
3,5.0,0.0,2332.72,1.0,1,0,0.0,1,0.02881727855867333
19,2.0,1.0,3651.72,1.0,3,20,0.0,1,0.1345222621086951
20,4.0,1.0,3684.85,1.0,4,25,0.0,1,0.13248083542955785
32,2.0,1.0,1912.86,3.0,5,15,0.0,1,0.14729744550071133
7,1.0,0.0,500.0,3.0,3,0,0.0,1,0.053607502086815306
52,7.0,1.0,1151.26,2.0,6,20,0.0,1,0.10771951318264533
41,2.0,1.0,500.0,2.0,5,0,0.0,1,0.1368064398920703
33,3.0,1.0,4246.65,2.0,3,10,0.0,1,0.13296579029576133
40,2.0,1.0,4507.17,3.0,6,0,0.0,1,0.12950111696339328
39,1.0,1.0,4879.56,3.0,6,0,1.0,1,0.0586157386549192
18,4.0,1.0,500.0,2.0,8,0,0.0,1,0.11729529721088638
40,2.0,1.0,4107.1,2.0,2,5,0.0,1,0.1271975342859547
1,3.0,0.0,5818.29,4.0,1,0,0.0,-1,-0.01848677746313998
11,6.0,0.0,4167.98,2.0,4,5,0.0,1,0.05414504422045763
28,7.0,1.0,500.0,4.0,7,15,0.0,1,0.07835514958451217
57,1.0,1.0,5152.45,0.0,3,10,0.0,1,0.05677661215793561
25,6.0,1.0,2562.53,3.0,3,5,0.0,1,0.1313201428244955
50,6.0,1.0,2151.4,2.0,5,30,0.0,1,0.12253904844821434
23,6.0,1.0,3176.64,3.0,5,0,0.0,1,0.14109038916428862
31,0.0,1.0,926.49,3.0,3,15,0.0,1,0.11095526401588968
30,7.0,1.0,2504.17,3.0,9,0,0.0,1,0.0955657652535159
42,4.0,1.0,4930.64,0.0,4,0,0.0,1,0.10243818689672579
35,5.0,1.0,3433.6,1.0,3,15,0.0,1,0.14334354922806297
7,7.0,0.0,2587.6,2.0,2,15,1.0,1,0.013871994203821902
60,0.0,1.0,2634.41,1.0,9,30,0.0,1,0.04795730000465015
16,5.0,1.0,727.91,1.0,4,15,0.0,1,0.11739196732073831
26,7.0,1.0,2275.02,1.0,3,50,0.0,1,0.06869338086480692
48,6.0,1.0,500.0,3.0,7,0,0.0,1,0.1018573952493631
57,1.0,1.0,4033.66,4.0,8,0,0.0,1,0.08049074420288316
52,5.0,1.0,500.0,3.0,2,0,0.0,1,0.09868075603029358
60,3.0,1.0,3782.35,3.0,7,0,1.0,1,0.04921407160412461
49,3.0,1.0,3969.12,1.0,5,15,0.0,1,0.12815384676314162
2,2.0,0.0,4478.15,3.0,5,20,0.0,1,0.05332468053876438
1,5.0,0.0,2630.29,1.0,3,0,0.0,1,0.050556012979545484
48,1.0,1.0,3874.94,4.0,5,40,0.0,1,0.056484271165059496
12,4.0,0.0,2260.38,2.0,2,30,0.0,1,0.049143343002573725
5,0.0,0.0,719.95,1.0,4,0,1.0,1,0.0019024238690181772
37,6.0,1.0,4796.1,4.0,6,0,0.0,1,0.09266026562867302
32,2.0,1.0,2354.67,2.0,1,0,0.0,1,0.11109801325239133
59,3.0,1.0,500.0,0.0,4,0,0.0,1,0.08135104829243367
55,0.0,1.0,1799.78,1.0,6,0,0.0,1,0.09976931969861152
9,0.0,0.0,1859.01,1.0,9,15,0.0,1,0.032744532169386886
41,6.0,1.0,3192.55,0.0,2,0,0.0,1,0.10199809410144378
35,4.0,1.0,6020.57,0.0,7,5,0.0,1,0.06768718878262381
19,4.0,1.0,3283.63,1.0,6,50,0.0,1,0.07493086385499137
48,5.0,1.0,2810.27,0.0,2,20,0.0,1,0.10197377706607252
16,3.0,1.0,6183.66,3.0,8,40,0.0,1,0.015272115992518875
3,4.0,0.0,3968.34,2.0,7,0,0.0,1,0.06519491689852408
20,1.0,1.0,2881.37,2.0,5,5,0.0,1,0.12880769645192147
24,4.0,1.0,1780.88,2.0,5,15,0.0,1,0.14806099831609987
54,0.0,1.0,2974.3,3.0,7,0,0.0,1,0.10188140691231307
56,6.0,1.0,2400.41,0.0,9,0,0.0,1,0.07188248282102361
33,1.0,1.0,2637.15,4.0,9,20,0.0,1,0.09339815269344176
24,5.0,1.0,4471.6,0.0,9,20,1.0,1,0.014444297730759503
52,3.0,1.0,1689.52,1.0,6,10,1.0,1,0.07392629202797052
11,5.0,0.0,3270.31,2.0,6,10,0.0,1,0.07389562262280847
49,0.0,1.0,3923.41,0.0,3,10,0.0,1,0.07687315306403852
8,1.0,0.0,1506.83,4.0,1,0,0.0,1,0.020484137709065875
36,1.0,1.0,1266.07,1.0,7,5,0.0,1,0.11881208705655355
38,1.0,1.0,2274.49,3.0,4,0,0.0,1,0.14209249823282183
40,0.0,1.0,1807.56,3.0,1,0,1.0,1,0.02166108611409101
20,0.0,1.0,4228.5,4.0,8,50,0.0,1,0.018337155325449994
35,5.0,1.0,997.35,1.0,6,15,0.0,1,0.14111167387084972
48,2.0,1.0,2602.71,2.0,6,25,0.0,1,0.1406042079305001
25,5.0,1.0,6319.07,0.0,2,5,0.0,1,0.052184934103259084
35,3.0,1.0,3119.58,1.0,1,5,0.0,1,0.12541330662320543
25,6.0,1.0,3368.94,3.0,2,0,0.0,1,0.1092390187269302
29,1.0,1.0,4241.02,4.0,4,0,0.0,1,0.10378030427732465
18,2.0,1.0,1805.58,4.0,2,0,0.0,1,0.0991060948759595
46,6.0,1.0,877.87,0.0,1,25,0.0,1,0.07621279861549546
18,2.0,1.0,2764.77,4.0,7,20,0.0,1,0.10760671652129206
2,4.0,0.0,2898.11,4.0,8,15,1.0,-1,-0.013980444936308678
54,4.0,1.0,500.0,1.0,6,10,0.0,1,0.10599758499594858
35,7.0,1.0,3062.61,2.0,4,40,1.0,1,0.03624754897090676
16,4.0,1.0,4104.78,0.0,6,0,0.0,1,0.09268532900353688
41,5.0,1.0,1130.58,1.0,3,0,0.0,1,0.1340913274662498
36,4.0,1.0,3153.33,2.0,8,5,0.0,1,0.13899696764006098
33,0.0,1.0,3838.4,1.0,2,25,0.0,1,0.08854106343768509
4,1.0,0.0,3380.02,1.0,5,50,1.0,-1,-0.02735398559510116
33,5.0,1.0,3521.51,4.0,1,0,0.0,1,0.09542979861271594
14,6.0,1.0,2132.8,2.0,6,30,0.0,1,0.11582130091757625
21,7.0,1.0,808.74,0.0,2,30,0.0,1,0.05766618687714986
48,7.0,1.0,1829.28,0.0,4,0,1.0,1,0.04803596010008937
20,7.0,1.0,1620.91,2.0,6,5,0.0,1,0.1213172905693114
56,6.0,1.0,2379.61,4.0,8,10,1.0,1,0.02275451552280583
8,6.0,0.0,4139.91,3.0,8,50,1.0,-1,-0.04744061281069023
7,6.0,0.0,532.24,1.0,6,0,0.0,1,0.04976851819090822
3,6.0,0.0,2716.38,4.0,4,25,0.0,1,0.0497044929894227
17,7.0,1.0,904.9,2.0,8,5,0.0,1,0.10071690452918514
33,7.0,1.0,1389.93,1.0,8,25,1.0,1,0.049892313803423294
48,2.0,1.0,3338.11,0.0,1,10,0.0,1,0.09355060470836174
12,5.0,0.0,715.08,3.0,4,15,0.0,1,0.05858772969857451
59,1.0,1.0,3601.37,0.0,4,30,0.0,1,0.07429170600095691
51,4.0,1.0,500.0,2.0,7,30,0.0,1,0.0943964968533284
22,4.0,1.0,3500.47,1.0,7,30,0.0,1,0.11631549632297505
55,0.0,1.0,500.0,2.0,8,0,0.0,1,0.07420868851727092
22,7.0,1.0,1573.28,1.0,5,20,0.0,1,0.12590708933902234
46,0.0,1.0,5344.74,4.0,7,0,0.0,1,0.054488863341340066
30,5.0,1.0,5062.82,3.0,8,10,0.0,1,0.1099625771339584
38,5.0,1.0,1881.21,4.0,9,15,0.0,1,0.09419705532444655
38,0.0,1.0,3084.94,4.0,3,10,0.0,1,0.09899154698369445
45,7.0,1.0,4306.1,2.0,3,15,0.0,1,0.10833901076415414
51,0.0,1.0,3521.94,3.0,4,50,1.0,-1,-0.021777284054390722
54,4.0,1.0,2089.8,1.0,5,0,0.0,1,0.138517172071023
8,2.0,0.0,1377.05,1.0,1,20,0.0,1,0.03883086607673092
27,4.0,1.0,3802.15,0.0,7,5,0.0,1,0.10578810485356344
27,3.0,1.0,4196.05,1.0,9,0,0.0,1,0.10309885326265222
34,7.0,1.0,5073.55,2.0,8,0,0.0,1,0.08303016534370211
21,7.0,1.0,500.0,4.0,5,40,0.0,1,0.04349485130651465
30,1.0,1.0,620.31,4.0,4,30,0.0,1,0.08433637174644915
33,6.0,1.0,4242.89,4.0,7,40,0.0,1,0.06388048941116953
28,3.0,1.0,500.0,3.0,5,50,0.0,1,0.06440879712056535
47,5.0,1.0,4357.82,1.0,7,0,1.0,1,0.052721176750835985
33,7.0,1.0,2177.6,2.0,1,5,0.0,1,0.09435187601318107
5,0.0,0.0,1718.63,3.0,1,20,1.0,-1,-0.016033130562178144
60,3.0,1.0,2808.14,0.0,3,10,0.0,1,0.09211777905102958
48,1.0,1.0,500.0,2.0,2,10,0.0,1,0.09681382394797017
19,5.0,1.0,3736.02,2.0,2,5,0.0,1,0.11367641930643546
4,6.0,0.0,5034.46,2.0,7,15,0.0,1,0.039708373159136
35,6.0,1.0,3805.86,4.0,2,15,0.0,1,0.09218757245489861
49,1.0,1.0,2130.24,2.0,4,0,0.0,1,0.133294460461935
17,1.0,1.0,500.0,1.0,2,10,0.0,1,0.09055789653844759
44,0.0,1.0,500.0,2.0,6,15,0.0,1,0.10587031193924296
28,7.0,1.0,505.54,4.0,8,15,0.0,1,0.06913324213758532
30,6.0,1.0,2481.58,2.0,4,0,0.0,1,0.13589458284619055
29,5.0,1.0,2670.1,0.0,5,25,0.0,1,0.11837706881973653
46,3.0,1.0,3802.67,0.0,4,0,0.0,1,0.1218657384676507
53,5.0,1.0,500.0,4.0,3,5,0.0,1,0.080703992209337
6,2.0,0.0,4466.82,1.0,5,25,0.0,1,0.05262464009776946
35,2.0,1.0,3541.61,1.0,9,15,0.0,1,0.11251155151340636
60,1.0,1.0,2009.75,3.0,8,0,1.0,1,0.03770587720091756
41,0.0,1.0,715.36,4.0,8,20,0.0,1,0.08400034802259526
37,2.0,1.0,4373.71,2.0,8,15,0.0,1,0.1236442040512839
24,6.0,1.0,2049.86,4.0,8,25,0.0,1,0.09688205722895676
29,5.0,1.0,2469.97,3.0,7,25,0.0,1,0.13530186681867984
49,5.0,1.0,3075.42,4.0,8,20,0.0,1,0.0988770932197302
46,1.0,1.0,1130.2,4.0,8,10,0.0,1,0.09584694337927979
53,7.0,1.0,2076.73,3.0,8,0,0.0,1,0.09582904319214658
31,7.0,1.0,3797.98,1.0,7,0,0.0,1,0.11189315325304688
35,3.0,1.0,3646.14,2.0,1,10,0.0,1,0.12086289638113756
60,1.0,1.0,3659.66,3.0,4,15,0.0,1,0.09990746656805788
33,4.0,1.0,767.23,0.0,4,15,1.0,1,0.05299408842705111
52,3.0,1.0,2145.13,1.0,5,0,0.0,1,0.14034319804167605
21,4.0,1.0,1905.41,0.0,6,0,0.0,1,0.12924300243043407
32,7.0,1.0,3137.77,1.0,4,10,0.0,1,0.12965507282101707
23,1.0,1.0,3003.49,2.0,2,0,1.0,1,0.05599847570914962
33,4.0,1.0,2733.14,2.0,6,25,0.0,1,0.1499962544985194
3,1.0,0.0,6198.6,4.0,8,0,0.0,-1,-0.00875432943718557
18,1.0,1.0,2063.79,0.0,8,15,0.0,1,0.09636992517145304
25,7.0,1.0,1888.27,1.0,7,40,0.0,1,0.09319134653508265
42,3.0,1.0,764.88,2.0,6,0,1.0,1,0.08345862704722673
31,3.0,1.0,500.0,3.0,2,10,0.0,1,0.10708212518605043
54,1.0,1.0,669.52,2.0,7,0,0.0,1,0.09772720746050434
58,2.0,1.0,1421.98,3.0,5,20,0.0,1,0.10855452011058797
3,0.0,0.0,4465.11,1.0,6,15,1.0,-1,-0.015995545916220988
40,7.0,1.0,2558.75,2.0,8,10,0.0,1,0.12159519212753289
46,0.0,1.0,2790.0,2.0,8,15,0.0,1,0.1121036674686346
24,0.0,1.0,2355.59,1.0,3,30,0.0,1,0.0988857532260577
50,3.0,1.0,3047.95,2.0,7,0,1.0,1,0.07383731710874164
32,3.0,1.0,4603.11,3.0,1,0,0.0,1,0.09370697062741329
47,2.0,1.0,500.0,2.0,1,30,0.0,1,0.07892111346149722
22,0.0,1.0,4327.51,0.0,7,15,0.0,1,0.07568490026745855
23,0.0,1.0,500.0,4.0,9,30,0.0,1,0.055185171111721276
2,1.0,0.0,2542.3,3.0,7,15,0.0,1,0.05592666808087288
27,3.0,1.0,5787.86,0.0,5,30,0.0,1,0.05420421480700033
42,0.0,1.0,3520.99,1.0,8,10,1.0,1,0.04199024372986415
2,5.0,0.0,3059.59,3.0,2,25,0.0,1,0.044149102065761836
26,2.0,1.0,5502.92,4.0,9,40,1.0,-1,-0.026975376934063044
17,4.0,1.0,1445.41,4.0,6,15,0.0,1,0.09256456273972757
40,5.0,1.0,3150.95,1.0,9,0,0.0,1,0.11887673515305014
33,5.0,1.0,3367.18,1.0,2,0,0.0,1,0.13408524336998157
9,4.0,0.0,1716.4,3.0,3,0,1.0,1,0.023734446270957665
43,7.0,1.0,1848.83,2.0,8,0,0.0,1,0.11572133115548189
54,7.0,1.0,1684.33,1.0,1,5,0.0,1,0.07541165462104682
48,2.0,1.0,2630.97,2.0,7,15,1.0,1,0.07983850384526392
39,5.0,1.0,3320.04,0.0,7,15,1.0,1,0.060438277541583485
29,0.0,1.0,2684.85,4.0,1,10,1.0,1,0.013346397217817607
42,3.0,1.0,3564.19,2.0,9,20,0.0,1,0.11405280407091861
55,2.0,1.0,500.0,4.0,8,0,0.0,1,0.0759316108094017
26,1.0,1.0,2172.62,2.0,4,0,0.0,1,0.1364909475582904
35,4.0,1.0,964.87,0.0,5,0,1.0,1,0.06711479355255123
50,5.0,1.0,2952.58,1.0,2,15,0.0,1,0.1195731154050525
25,2.0,1.0,2930.38,0.0,9,0,0.0,1,0.09646612386319958
24,6.0,1.0,2326.57,1.0,6,0,0.0,1,0.14366187859407165
13,6.0,1.0,3265.42,1.0,3,10,0.0,1,0.11354214131060297
60,7.0,1.0,3996.72,4.0,7,30,1.0,-1,-0.007258958437108776
58,4.0,1.0,2409.22,0.0,9,0,1.0,1,0.021544849276085465
7,3.0,0.0,922.46,2.0,3,20,1.0,1,0.022995465293916606
57,0.0,1.0,500.0,0.0,2,20,0.0,1,0.048148091771866186
36,3.0,1.0,2554.17,4.0,7,25,1.0,1,0.06406556514725437
45,3.0,1.0,2862.8,1.0,7,40,0.0,1,0.0984755532602965
20,3.0,1.0,1045.71,4.0,4,0,0.0,1,0.10557327115521647
1,4.0,0.0,3588.65,3.0,9,0,0.0,1,0.03626586902124451
8,3.0,0.0,1811.56,3.0,8,30,0.0,1,0.05496453215414332
46,1.0,1.0,500.0,2.0,1,10,0.0,1,0.08800620884052446
16,4.0,1.0,4384.65,4.0,1,15,0.0,1,0.05213292320741181
14,1.0,1.0,4215.98,2.0,5,20,1.0,1,0.04487365465801918
12,4.0,0.0,500.0,2.0,6,20,0.0,1,0.05898847280870412
51,7.0,1.0,1656.1,3.0,3,40,0.0,1,0.059055694090742517
23,2.0,1.0,1597.62,2.0,9,50,0.0,1,0.05837839166507064
15,6.0,1.0,4959.23,3.0,6,25,0.0,1,0.08434093553207367
28,3.0,1.0,2351.06,1.0,4,0,0.0,1,0.1510570200527911
34,7.0,1.0,500.0,4.0,7,30,0.0,1,0.06861971057086835
2,2.0,0.0,3823.16,2.0,8,0,0.0,1,0.06007237740550908
32,6.0,1.0,653.84,3.0,9,0,0.0,1,0.086553008850215
23,5.0,1.0,2109.49,0.0,6,30,1.0,1,0.05619603660724459
22,0.0,1.0,1345.35,2.0,6,0,0.0,1,0.11008583966946817
51,1.0,1.0,1659.32,1.0,8,0,0.0,1,0.10673376597371548
25,5.0,1.0,3905.89,1.0,5,0,0.0,1,0.133172477320891
58,4.0,1.0,4782.0,0.0,3,30,0.0,1,0.06498193018081166
22,6.0,1.0,588.45,3.0,3,15,0.0,1,0.11008440051568524
58,5.0,1.0,3439.11,2.0,6,20,1.0,1,0.06446891146975342
58,0.0,1.0,1400.87,3.0,2,0,0.0,1,0.06819257462681894
22,7.0,1.0,1447.49,1.0,6,25,0.0,1,0.11814779629515793
49,6.0,1.0,3235.95,3.0,6,25,0.0,1,0.12017653908726117
52,5.0,1.0,958.15,1.0,8,5,1.0,1,0.04183080775527104
42,1.0,1.0,3205.9,3.0,7,10,0.0,1,0.12780658719769045
6,1.0,0.0,3595.17,0.0,8,0,0.0,1,0.03442773383762776
15,2.0,1.0,1851.2,4.0,9,50,0.0,1,0.029934964394394692
54,5.0,1.0,4490.62,0.0,6,20,0.0,1,0.07613712043905152
43,3.0,1.0,590.76,0.0,3,40,1.0,1,0.010243682808258048
60,5.0,1.0,4518.11,4.0,3,5,0.0,1,0.061004501802823574
37,7.0,1.0,500.0,4.0,1,25,0.0,1,0.04753298066240874
33,6.0,1.0,6549.57,2.0,5,25,0.0,1,0.07592854413679717
8,6.0,0.0,1890.7,2.0,4,20,0.0,1,0.06933507642148262
53,7.0,1.0,756.54,0.0,9,50,1.0,-1,-0.05082445975809724
60,5.0,1.0,2150.99,0.0,9,5,0.0,1,0.06045423872398348
44,7.0,1.0,930.28,1.0,5,0,0.0,1,0.11476419075508737
44,0.0,1.0,3080.45,1.0,4,20,0.0,1,0.1176763076869537
5,4.0,0.0,4551.49,2.0,7,25,0.0,1,0.05409573620884789
39,7.0,1.0,1009.82,2.0,6,15,0.0,1,0.12801732577324104
4,1.0,0.0,3369.1,1.0,4,0,0.0,1,0.06474480979854069
6,7.0,0.0,500.0,1.0,2,15,1.0,-1,-0.008468055389617812
45,6.0,1.0,4049.43,3.0,1,5,0.0,1,0.0922401664945065
32,1.0,1.0,3124.35,3.0,4,10,0.0,1,0.13722268379345942
52,6.0,1.0,4114.27,1.0,4,20,0.0,1,0.10411656871214486
30,2.0,1.0,2316.48,3.0,1,25,0.0,1,0.1146691476569155
47,3.0,1.0,1847.27,4.0,6,0,0.0,1,0.11781859178191983
35,6.0,1.0,3724.18,2.0,4,10,0.0,1,0.13365673351155383
55,1.0,1.0,537.93,2.0,1,0,0.0,1,0.06550643074777118
40,2.0,1.0,500.0,1.0,1,0,0.0,1,0.0909530799205932
52,6.0,1.0,2492.56,0.0,1,25,0.0,1,0.08319978359938263
16,0.0,1.0,1915.61,1.0,8,40,1.0,1,0.00758730673180652
13,7.0,1.0,3330.75,3.0,8,5,0.0,1,0.08750813840626959
50,3.0,1.0,4137.33,0.0,2,25,1.0,1,0.024507529450263132
60,6.0,1.0,3299.52,3.0,7,30,0.0,1,0.07727618793060875
42,2.0,1.0,4017.85,4.0,8,30,0.0,1,0.08782740546824341
30,0.0,1.0,2981.58,3.0,8,0,0.0,1,0.1200947324202501
19,5.0,1.0,3241.89,4.0,7,50,0.0,1,0.05343945583066201
17,2.0,1.0,2325.01,4.0,5,5,0.0,1,0.11596445624308799
56,7.0,1.0,3197.57,3.0,1,5,1.0,1,0.00921296452939846
19,2.0,1.0,2749.98,3.0,9,0,0.0,1,0.10557137086596696
28,0.0,1.0,2987.77,4.0,7,10,0.0,1,0.10400205904344778
58,2.0,1.0,2249.91,0.0,2,0,0.0,1,0.0918928789697705
55,0.0,1.0,3713.39,4.0,6,0,0.0,1,0.08577651047730217
26,6.0,1.0,1434.32,2.0,2,5,0.0,1,0.11516670223766401
37,4.0,1.0,2472.48,4.0,1,30,0.0,1,0.08976972572088493
26,0.0,1.0,4467.68,0.0,7,30,0.0,1,0.053708430107951566
53,0.0,1.0,1076.92,2.0,2,5,0.0,1,0.08158030197950294
23,3.0,1.0,500.0,1.0,2,30,1.0,1,0.04498174549767797
9,0.0,0.0,3049.69,1.0,5,30,1.0,1,0.01092262807453237
12,0.0,0.0,2114.57,0.0,5,25,0.0,1,0.031666568178934984
53,5.0,1.0,4016.29,4.0,7,0,0.0,1,0.08772962343870183
1,4.0,0.0,2304.23,3.0,1,20,0.0,1,0.0245455695740594
58,6.0,1.0,1593.49,0.0,8,40,1.0,1,0.005873495548912255
58,7.0,1.0,2386.27,2.0,3,20,0.0,1,0.09741797941345703
1,3.0,0.0,4139.6,2.0,4,5,0.0,1,0.04932518569416289
47,5.0,1.0,3363.05,1.0,9,15,0.0,1,0.09891517307420239
34,1.0,1.0,500.0,2.0,4,20,0.0,1,0.13400210635684273
32,4.0,1.0,2778.65,0.0,5,15,1.0,1,0.06557298437876458
54,6.0,1.0,2853.64,2.0,7,0,0.0,1,0.11240008556238434
48,6.0,1.0,2472.63,0.0,4,5,0.0,1,0.11135259931981778
25,1.0,1.0,1583.67,3.0,1,30,1.0,1,0.025087607261634504
40,7.0,1.0,4291.8,1.0,9,30,1.0,1,0.013942820720709848
45,0.0,1.0,4366.05,2.0,4,0,1.0,1,0.050859212613279525
53,5.0,1.0,500.0,0.0,9,50,1.0,-1,-0.04077600382530533
1,2.0,0.0,1303.06,4.0,6,5,0.0,1,0.028711459658849914
16,3.0,1.0,2282.9,1.0,1,20,0.0,1,0.11001703144322061
39,2.0,1.0,3922.76,3.0,3,25,1.0,1,0.05746880626902051
5,1.0,0.0,2552.28,0.0,2,30,1.0,-1,-0.027565702343905207
22,6.0,1.0,1474.61,3.0,9,40,0.0,1,0.061571406213301594
29,7.0,1.0,3564.3,3.0,1,5,0.0,1,0.07724351685286934
55,6.0,1.0,2183.0,2.0,9,30,0.0,1,0.07646653046783125
3,3.0,0.0,2323.9,2.0,9,0,0.0,1,0.051755146331251334
12,6.0,0.0,2459.26,0.0,8,25,0.0,1,0.02631617385546936
26,6.0,1.0,3361.46,4.0,8,25,0.0,1,0.09819185534789832
16,3.0,1.0,2037.18,0.0,1,20,1.0,1,0.023838032356723438
51,5.0,1.0,3530.42,4.0,8,0,0.0,1,0.09766267826648295
37,5.0,1.0,2390.4,3.0,3,30,0.0,1,0.1202476724781193
22,3.0,1.0,899.48,1.0,7,0,0.0,1,0.1289934176274245
57,7.0,1.0,2444.84,0.0,1,0,0.0,1,0.05653344776304026
29,1.0,1.0,977.18,0.0,1,25,0.0,1,0.07560892214774495
14,4.0,1.0,2561.48,4.0,5,10,0.0,1,0.11664408844029972
28,6.0,1.0,3744.21,3.0,5,30,0.0,1,0.10738723170516618
5,7.0,0.0,889.56,3.0,8,5,1.0,-1,-0.02136999208172008
47,6.0,1.0,3046.41,4.0,7,0,1.0,1,0.04182560250519218
49,4.0,1.0,1256.44,3.0,8,30,0.0,1,0.09781778721958889
30,1.0,1.0,2802.55,2.0,6,15,0.0,1,0.13618398254795294
46,5.0,1.0,3790.31,1.0,6,0,0.0,1,0.13028404119293013
52,7.0,1.0,500.0,0.0,2,25,0.0,1,0.067855918975813
5,0.0,0.0,828.29,1.0,6,15,1.0,-1,-0.004776604316860111
12,0.0,0.0,1946.53,0.0,5,20,1.0,-1,-0.0046897842177731075
16,4.0,1.0,2972.56,2.0,3,10,0.0,1,0.12779424921611754
26,0.0,1.0,2250.43,3.0,6,30,0.0,1,0.09785718808967003
26,5.0,1.0,2431.18,4.0,8,30,0.0,1,0.10069062417576946
48,4.0,1.0,5564.48,2.0,9,25,0.0,1,0.0630036786405056
21,5.0,1.0,681.31,1.0,1,0,0.0,1,0.08409211317083709
39,1.0,1.0,4203.23,4.0,3,30,0.0,1,0.08601645586063145
36,6.0,1.0,1975.03,3.0,3,20,1.0,1,0.07187515183955584
33,1.0,1.0,3324.21,2.0,8,20,0.0,1,0.12691595084024565
30,1.0,1.0,5693.42,4.0,1,5,0.0,1,0.038472549651682675
37,5.0,1.0,3533.02,2.0,5,30,0.0,1,0.12957340893887526
23,4.0,1.0,3058.74,2.0,3,25,0.0,1,0.13786728418484867
58,4.0,1.0,4898.68,3.0,2,0,0.0,1,0.08478700184500898
10,0.0,0.0,4187.2,0.0,8,10,0.0,1,0.023016699951561526
54,2.0,1.0,1300.91,4.0,3,30,1.0,1,0.018285651425515748
5,6.0,0.0,2941.79,3.0,7,0,0.0,1,0.06835313054024961
36,5.0,1.0,500.0,2.0,1,50,1.0,-1,-0.003905751763803589
34,0.0,1.0,1689.77,3.0,6,20,0.0,1,0.12017201236846053
52,7.0,1.0,2971.08,0.0,3,20,1.0,1,0.034930102186022216
31,2.0,1.0,1596.84,4.0,8,0,0.0,1,0.11058759963366233
10,2.0,0.0,2910.05,0.0,6,0,0.0,1,0.05194125038926156
58,5.0,1.0,2479.92,1.0,2,40,0.0,1,0.07170973055419017
19,3.0,1.0,3304.63,4.0,6,0,0.0,1,0.11240965609536463
58,6.0,1.0,1863.7,0.0,7,25,1.0,1,0.04679556357083037
32,2.0,1.0,1089.78,2.0,5,5,0.0,1,0.13836600074843508
1,5.0,0.0,4717.19,4.0,3,0,0.0,1,0.018104348603859455
56,5.0,1.0,1756.45,4.0,4,0,0.0,1,0.10218594688584781
5,0.0,0.0,3490.02,3.0,4,15,1.0,1,0.01070821541417144
45,7.0,1.0,4652.87,2.0,6,50,0.0,1,0.04262342908301475
4,3.0,0.0,2744.0,1.0,1,5,0.0,1,0.03460605939488315
16,6.0,1.0,1215.54,0.0,4,5,1.0,1,0.02671981440436466
24,4.0,1.0,2232.09,3.0,4,5,0.0,1,0.1428263193551692
16,1.0,1.0,4026.31,0.0,1,15,0.0,1,0.06843230169368586
55,7.0,1.0,2809.37,1.0,9,10,0.0,1,0.07486123040951309
2,7.0,0.0,692.29,1.0,4,30,0.0,1,0.019888099517267666
49,0.0,1.0,3394.97,4.0,7,15,0.0,1,0.0838271567681973
28,4.0,1.0,3654.3,1.0,3,15,0.0,1,0.14078729660335865
32,2.0,1.0,1967.03,0.0,3,0,0.0,1,0.125091630345191
27,2.0,1.0,3415.37,2.0,8,50,0.0,1,0.07579525505008355
20,0.0,1.0,2867.53,2.0,8,0,0.0,1,0.11436080663715159
24,5.0,1.0,2203.86,4.0,1,0,0.0,1,0.08854536717354178
12,2.0,0.0,559.7,0.0,2,20,0.0,1,0.019848823535611793
50,3.0,1.0,4116.93,0.0,8,15,0.0,1,0.07783960565709547
35,6.0,1.0,3638.82,1.0,1,10,0.0,1,0.10426387872910386
60,7.0,1.0,3375.83,0.0,8,10,0.0,1,0.05047900210922307
33,7.0,1.0,4816.79,3.0,8,25,0.0,1,0.07515334429282705
33,3.0,1.0,3917.79,1.0,2,0,1.0,1,0.061572713965039494
51,4.0,1.0,3529.85,3.0,4,30,0.0,1,0.11223018161350956
43,2.0,1.0,500.0,4.0,6,20,0.0,1,0.09822372327324086
37,7.0,1.0,4295.34,2.0,9,10,1.0,1,0.017089516700385388
12,1.0,0.0,2624.62,4.0,8,10,0.0,1,0.04513055034690128
3,4.0,0.0,2968.74,2.0,8,0,0.0,1,0.07666715263621215
1,6.0,0.0,2979.0,4.0,7,25,0.0,1,0.03451673991009985
33,6.0,1.0,3660.75,0.0,9,15,0.0,1,0.07525935646140336
40,7.0,1.0,4183.26,3.0,2,5,0.0,1,0.09895649869250384
10,0.0,0.0,3451.36,2.0,3,15,1.0,1,0.011520005094553865
43,4.0,1.0,3212.93,1.0,8,50,0.0,1,0.07188220239017884
44,7.0,1.0,2847.27,3.0,6,10,1.0,1,0.061433766441962634
29,0.0,1.0,500.0,1.0,9,40,1.0,-1,-0.006082283997609128
13,7.0,1.0,2068.61,3.0,4,5,1.0,1,0.03327035990091154
12,1.0,0.0,1087.62,3.0,8,0,0.0,1,0.05218379977581289
31,4.0,1.0,4316.11,4.0,3,0,0.0,1,0.09951749417885519
46,5.0,1.0,3428.56,2.0,3,10,1.0,1,0.07735268855176936
2,6.0,0.0,1812.79,2.0,8,0,1.0,1,0.005428070134049001
51,7.0,1.0,1963.42,3.0,5,0,0.0,1,0.11465032641071471
50,1.0,1.0,1909.03,0.0,3,40,1.0,1,0.00873371015781954
35,0.0,1.0,1882.26,0.0,1,30,1.0,1,0.007844507709875104
23,0.0,1.0,500.0,1.0,3,25,1.0,1,0.045242723733141865
17,6.0,1.0,500.0,1.0,9,0,0.0,1,0.0827703732530769
26,3.0,1.0,2543.57,4.0,5,0,0.0,1,0.1306745737677013
8,7.0,0.0,4112.97,3.0,2,0,0.0,1,0.03633858886271679
29,4.0,1.0,1693.47,1.0,7,25,0.0,1,0.13015693351107127
26,2.0,1.0,2955.17,1.0,2,40,0.0,1,0.08867964048373422
10,0.0,0.0,3601.39,3.0,4,10,0.0,1,0.07097055659779594
26,4.0,1.0,1009.93,4.0,7,0,0.0,1,0.09972272903040663
34,4.0,1.0,2470.04,1.0,4,15,0.0,1,0.15400327099148364
51,5.0,1.0,1500.22,4.0,7,5,0.0,1,0.0929293196902844
41,4.0,1.0,4909.18,2.0,7,5,1.0,1,0.060178338137844345
7,4.0,0.0,4843.69,4.0,1,20,0.0,1,0.0009961476159385807
4,5.0,0.0,1011.49,0.0,6,25,0.0,1,0.031030749799307755
58,0.0,1.0,3078.83,0.0,9,0,0.0,1,0.04932728760693461
53,4.0,1.0,4101.4,4.0,2,0,0.0,1,0.09611862690567402
50,3.0,1.0,3772.49,0.0,3,50,0.0,1,0.037142922460611016
45,3.0,1.0,2622.34,2.0,5,0,1.0,1,0.09811390162904293
11,1.0,0.0,4459.84,3.0,9,0,0.0,1,0.030514984708152282
29,5.0,1.0,1143.23,0.0,4,0,0.0,1,0.11625479082311174
56,1.0,1.0,2045.36,0.0,1,0,0.0,1,0.0743936567117931
36,5.0,1.0,1183.54,4.0,4,5,0.0,1,0.10541160694369123
25,7.0,1.0,3673.74,2.0,6,30,0.0,1,0.10241872117930978
21,7.0,1.0,1626.04,3.0,5,5,0.0,1,0.120299036086219
57,4.0,1.0,2243.13,4.0,1,10,0.0,1,0.08065818817448167
36,2.0,1.0,3426.51,4.0,4,20,1.0,1,0.05237249091495122
10,7.0,0.0,3547.37,2.0,6,15,0.0,1,0.06391211614929171
37,2.0,1.0,1139.31,3.0,4,30,0.0,1,0.1169587574622088
9,7.0,0.0,4084.98,2.0,9,30,0.0,1,0.02707004800214574
24,6.0,1.0,3183.53,3.0,5,0,0.0,1,0.140211929573146
35,7.0,1.0,877.45,2.0,8,25,0.0,1,0.10185910279451255
49,1.0,1.0,508.43,4.0,9,10,0.0,1,0.06271529122515207
35,0.0,1.0,2476.27,4.0,5,50,0.0,1,0.0521429551873851
48,4.0,1.0,3775.14,1.0,6,10,0.0,1,0.1297656901736775
36,1.0,1.0,3813.57,0.0,1,50,0.0,1,0.03822751821161674
18,0.0,1.0,3034.25,2.0,7,25,0.0,1,0.10219860907115819
49,3.0,1.0,2573.01,1.0,4,0,1.0,1,0.09107243253771635
39,1.0,1.0,3267.61,0.0,2,15,0.0,1,0.10260303224113926
32,3.0,1.0,1217.0,2.0,5,50,0.0,1,0.08883325311699519
24,2.0,1.0,5030.48,3.0,3,30,0.0,1,0.08196582609208147
23,2.0,1.0,5010.91,0.0,6,0,1.0,1,0.03241146253427285
32,6.0,1.0,3143.22,4.0,8,25,0.0,1,0.1013567407935328
37,7.0,1.0,2795.95,1.0,7,5,0.0,1,0.13264649398779538
12,1.0,0.0,1882.87,0.0,3,0,0.0,1,0.027053071756094282
49,3.0,1.0,3293.12,0.0,8,10,0.0,1,0.09340322667671663
55,0.0,1.0,1463.02,4.0,2,0,0.0,1,0.06421580794834225
13,2.0,1.0,500.0,2.0,9,30,0.0,1,0.0666266795373921
23,7.0,1.0,500.0,3.0,4,5,1.0,1,0.026952215552467962
25,2.0,1.0,1300.75,4.0,1,30,0.0,1,0.06939673473715435
35,0.0,1.0,2734.57,3.0,8,0,0.0,1,0.12578142624504102
41,7.0,1.0,2997.96,2.0,7,5,1.0,1,0.061805534159673936
30,7.0,1.0,1769.86,0.0,5,0,0.0,1,0.11097189783984446
17,3.0,1.0,2712.75,3.0,5,0,0.0,1,0.1411221858539879
49,3.0,1.0,2088.66,1.0,7,0,0.0,1,0.13820976106403743
20,1.0,1.0,1001.03,1.0,5,0,0.0,1,0.11881216400421302
48,1.0,1.0,2419.38,4.0,8,15,0.0,1,0.09875003248083919
25,5.0,1.0,3719.44,2.0,6,0,1.0,1,0.06835554739385419
22,4.0,1.0,1068.91,4.0,5,10,1.0,1,0.04221609658992409
13,5.0,1.0,1069.59,4.0,9,5,0.0,1,0.064791016964735
59,6.0,1.0,896.12,4.0,2,30,0.0,1,0.05285133752363791
19,2.0,1.0,500.0,1.0,1,40,0.0,1,0.05417500286784227
49,1.0,1.0,1779.7,1.0,8,10,0.0,1,0.1130239122446498
36,3.0,1.0,3571.13,4.0,3,5,0.0,1,0.11581045797122819
12,0.0,0.0,2760.87,1.0,7,0,0.0,1,0.05899872560078823
41,3.0,1.0,2246.12,2.0,8,50,0.0,1,0.07979158228477534
19,2.0,1.0,2693.6,4.0,6,0,0.0,1,0.11260143152098179
12,5.0,0.0,1766.53,1.0,9,0,0.0,1,0.04712072596820749
9,3.0,0.0,500.0,3.0,7,0,0.0,1,0.05363129137171729
7,4.0,0.0,3675.58,4.0,5,5,0.0,1,0.06389687431358204
28,6.0,1.0,4106.69,4.0,8,0,1.0,1,0.026334909403282203
14,2.0,1.0,1407.76,2.0,2,25,0.0,1,0.10015520287543367
31,5.0,1.0,2273.75,0.0,7,0,0.0,1,0.12941453213000892
52,4.0,1.0,2144.5,0.0,4,20,1.0,1,0.06241905909618839
19,0.0,1.0,3026.93,2.0,9,0,0.0,1,0.0866618014131676
58,5.0,1.0,5034.84,2.0,1,0,1.0,1,0.0035171791971337907
47,7.0,1.0,4239.69,2.0,7,40,0.0,1,0.06498529991016722
16,4.0,1.0,1934.63,0.0,6,0,0.0,1,0.11818260970135414
53,4.0,1.0,3313.7,2.0,8,30,0.0,1,0.09476651834759975
5,6.0,0.0,4381.54,1.0,5,15,1.0,-1,-0.0008447892470269114
35,2.0,1.0,3112.52,4.0,1,0,0.0,1,0.10711027860926586
12,0.0,0.0,2492.95,4.0,1,50,0.0,-1,-0.027124550755479482
25,6.0,1.0,3169.0,3.0,9,0,0.0,1,0.11008386358499739
52,5.0,1.0,1445.09,3.0,6,30,0.0,1,0.10372467060145169
59,6.0,1.0,1664.08,4.0,5,0,1.0,1,0.024637674204060378
21,4.0,1.0,903.95,1.0,1,30,0.0,1,0.08160817560372013
36,2.0,1.0,2960.6,0.0,6,0,0.0,1,0.1297637053097166
53,1.0,1.0,2302.9,0.0,6,15,0.0,1,0.09989587917554171
23,6.0,1.0,1265.32,1.0,3,25,1.0,1,0.0533408504386188
16,7.0,1.0,2253.73,0.0,8,40,1.0,1,0.0034776684751514075
57,6.0,1.0,3205.0,2.0,1,40,1.0,-1,-0.00019035725481064691
39,5.0,1.0,5372.07,4.0,1,30,0.0,1,0.04721371631477178
45,5.0,1.0,4018.1,4.0,6,30,0.0,1,0.09188533393058007
53,0.0,1.0,500.0,1.0,1,0,0.0,1,0.05101697690497786
42,5.0,1.0,2858.96,0.0,6,0,0.0,1,0.12679771299133785
58,3.0,1.0,4643.99,3.0,1,0,0.0,1,0.07577921127822485
39,2.0,1.0,500.0,3.0,6,5,0.0,1,0.12237192987182222
14,2.0,1.0,3327.34,0.0,3,5,0.0,1,0.09904862271277703
31,1.0,1.0,2145.04,3.0,8,15,1.0,1,0.07081752351948067
58,1.0,1.0,4225.44,1.0,6,0,0.0,1,0.09443212908715293
5,2.0,0.0,3106.39,1.0,1,20,0.0,1,0.03920994426940272
35,7.0,1.0,1173.98,0.0,5,0,1.0,1,0.052889986210990836
23,1.0,1.0,2198.72,3.0,8,5,0.0,1,0.12012135823668052
29,0.0,1.0,2287.46,1.0,3,15,0.0,1,0.11531870068973171
43,5.0,1.0,2315.23,1.0,6,25,0.0,1,0.1397541881048922
11,2.0,0.0,4178.89,2.0,5,25,0.0,1,0.06561961421976992
18,4.0,1.0,1236.07,2.0,6,20,0.0,1,0.13064319176646233
47,1.0,1.0,4004.58,1.0,1,0,0.0,1,0.0849692873379082
12,2.0,0.0,2046.63,0.0,7,15,0.0,1,0.04872016127484591
9,3.0,0.0,2835.27,4.0,9,0,0.0,1,0.04904811661861419
10,6.0,0.0,2608.57,4.0,2,5,0.0,1,0.035845848829938576
58,5.0,1.0,2467.29,1.0,5,10,0.0,1,0.1250186520589346
44,2.0,1.0,2479.6,1.0,4,0,0.0,1,0.15006906361550354
17,6.0,1.0,4686.04,1.0,6,0,0.0,1,0.09749007502719842
38,1.0,1.0,3763.67,0.0,6,50,0.0,1,0.0468815541670039
7,6.0,0.0,1955.93,2.0,2,50,1.0,-1,-0.021340318046444318
46,5.0,1.0,4874.18,1.0,2,5,1.0,1,0.03869235838595042
13,2.0,1.0,2912.02,1.0,4,0,1.0,1,0.06832979214935764
40,3.0,1.0,3036.44,3.0,1,0,0.0,1,0.12057936978995132
42,7.0,1.0,1244.02,0.0,9,5,0.0,1,0.07358526663767884
9,1.0,0.0,1753.75,1.0,7,40,0.0,1,0.01772967864611985
50,2.0,1.0,1467.24,3.0,7,0,0.0,1,0.12090521562919865
27,5.0,1.0,2629.11,4.0,3,25,0.0,1,0.11037539815906994
58,1.0,1.0,3458.17,1.0,3,0,0.0,1,0.09973029314735976
2,0.0,0.0,3050.85,1.0,1,50,1.0,-1,-0.046098842596627
5,6.0,0.0,4882.07,3.0,3,5,0.0,1,0.04496632952043367
29,7.0,1.0,1168.36,0.0,3,25,0.0,1,0.08665942006269045
37,5.0,1.0,2672.3,1.0,4,5,0.0,1,0.1498142178325474
38,0.0,1.0,575.59,4.0,4,20,0.0,1,0.09501622219648342
19,4.0,1.0,1117.19,1.0,3,0,0.0,1,0.13062604634653102
8,2.0,0.0,4396.87,4.0,8,0,1.0,-1,-0.027189506601978608
48,3.0,1.0,1805.25,2.0,8,40,1.0,1,0.044526493359478
45,1.0,1.0,1294.95,2.0,1,40,1.0,1,0.018426255728414387
1,6.0,0.0,500.0,4.0,7,30,0.0,-1,-0.0005790000352963176
22,1.0,1.0,1279.97,0.0,2,20,0.0,1,0.08790260086217783
52,7.0,1.0,2192.08,1.0,1,30,0.0,1,0.08007196869991451
17,2.0,1.0,500.0,1.0,3,0,1.0,1,0.05866315579032266
7,1.0,0.0,2105.82,2.0,4,5,0.0,1,0.07233429456115137
25,6.0,1.0,4405.95,4.0,6,5,0.0,1,0.0885717478376109
45,2.0,1.0,1439.04,1.0,5,20,0.0,1,0.13399618347034187
4,1.0,0.0,1084.93,1.0,4,5,0.0,1,0.055923003238562585
36,3.0,1.0,814.15,0.0,8,0,0.0,1,0.0995731892871059
6,5.0,0.0,787.35,3.0,4,15,0.0,1,0.06357891888697753
60,2.0,1.0,3303.37,2.0,2,30,0.0,1,0.088283657264143
31,5.0,1.0,2573.0,2.0,3,5,0.0,1,0.1458069805330841
19,4.0,1.0,3935.29,3.0,6,0,0.0,1,0.11801988859173113
44,2.0,1.0,5529.76,1.0,8,0,0.0,1,0.08255470182553526
54,3.0,1.0,500.0,0.0,8,0,0.0,1,0.07894389102523769
39,5.0,1.0,3070.12,0.0,9,0,0.0,1,0.09780969079263807
27,0.0,1.0,822.07,2.0,7,20,0.0,1,0.10442415658972914
10,6.0,0.0,3683.35,0.0,2,20,0.0,1,0.019020453081998956
26,0.0,1.0,2092.13,3.0,8,20,0.0,1,0.10644840352116769
19,1.0,1.0,2540.98,1.0,7,5,0.0,1,0.1230324384575136
39,3.0,1.0,575.23,3.0,8,30,0.0,1,0.09874801703275427
3,0.0,0.0,1860.36,4.0,3,0,0.0,1,0.03746502193786849
45,2.0,1.0,2634.49,2.0,7,10,0.0,1,0.14263273933603215
13,1.0,1.0,4534.12,0.0,9,30,0.0,1,0.025115578318308684
50,1.0,1.0,1308.16,4.0,3,0,0.0,1,0.09651779054644422
28,0.0,1.0,1673.96,0.0,6,0,0.0,1,0.10783354198543887
58,4.0,1.0,3916.43,1.0,2,30,0.0,1,0.09077938363126181
20,0.0,1.0,1210.99,1.0,2,5,0.0,1,0.08752578475544903
28,4.0,1.0,4213.58,1.0,5,20,0.0,1,0.13183848688121647
8,3.0,0.0,2486.37,0.0,5,0,0.0,1,0.050811170184861254
41,6.0,1.0,2954.68,4.0,7,20,0.0,1,0.11164507135228008
39,0.0,1.0,3051.28,1.0,2,5,0.0,1,0.1052124405215698
1,7.0,0.0,1575.67,4.0,7,0,0.0,1,0.01648423381134967
3,4.0,0.0,3084.83,0.0,5,20,0.0,1,0.04454692607127253
13,0.0,1.0,1341.45,4.0,6,0,1.0,1,0.009528216699676961
28,5.0,1.0,1746.85,0.0,8,5,0.0,1,0.10898913760601397
57,2.0,1.0,3338.04,0.0,4,0,0.0,1,0.10867007043492571
60,7.0,1.0,2940.09,2.0,7,0,0.0,1,0.08164036820568354
49,7.0,1.0,2387.55,0.0,6,0,0.0,1,0.10757703015365883
25,4.0,1.0,611.9,0.0,2,0,0.0,1,0.0925773277529559
56,5.0,1.0,986.26,3.0,8,40,0.0,1,0.04448935389250508
33,5.0,1.0,2915.06,1.0,9,0,0.0,1,0.12228169911343972
38,1.0,1.0,3598.21,2.0,5,10,0.0,1,0.1446286218366874
53,4.0,1.0,835.53,2.0,4,0,1.0,1,0.06716713319175838
6,6.0,0.0,1240.26,2.0,6,5,0.0,1,0.0683139491149446
58,2.0,1.0,2701.28,3.0,8,40,1.0,1,0.01159886472744609
44,3.0,1.0,2669.18,0.0,3,0,0.0,1,0.1301944432382826
45,7.0,1.0,500.0,1.0,1,50,0.0,1,0.03478526489570155
32,3.0,1.0,2742.34,4.0,4,0,0.0,1,0.12742411931267572
45,0.0,1.0,1602.45,0.0,4,25,0.0,1,0.09192514622820303
47,0.0,1.0,4961.57,3.0,1,15,1.0,1,0.0032339583499830793
21,3.0,1.0,2873.8,0.0,9,30,0.0,1,0.07756219016618593
16,0.0,1.0,3132.21,0.0,3,15,0.0,1,0.0822694101674627
54,6.0,1.0,3171.04,3.0,5,15,0.0,1,0.11377086384728075
21,5.0,1.0,679.11,2.0,6,0,0.0,1,0.13270344875418716
11,0.0,0.0,5415.82,2.0,8,0,0.0,1,0.029770264895881637
60,1.0,1.0,500.0,1.0,6,40,1.0,1,0.0039349841447975376
37,0.0,1.0,3693.55,1.0,3,5,0.0,1,0.11467451899148695
36,2.0,1.0,3428.0,2.0,6,5,0.0,1,0.14710831497659183
35,6.0,1.0,1784.5,4.0,1,25,0.0,1,0.08706830911487129
19,2.0,1.0,3499.68,0.0,4,5,0.0,1,0.11634276485580686
20,2.0,1.0,2023.64,4.0,6,50,1.0,-1,-0.011806394115746577
57,1.0,1.0,1486.81,0.0,7,25,0.0,1,0.07507856773904031
18,6.0,1.0,3204.34,2.0,3,15,1.0,1,0.05154454256161767
47,6.0,1.0,990.16,1.0,9,30,0.0,1,0.07893365945964126
41,4.0,1.0,2163.62,1.0,7,0,0.0,1,0.14956021399771102
49,6.0,1.0,1608.73,4.0,1,0,0.0,1,0.06997425594846085
14,6.0,1.0,1996.03,1.0,2,10,0.0,1,0.11176160759285647
15,6.0,1.0,3149.09,2.0,1,0,0.0,1,0.07783327683084706
31,1.0,1.0,1608.45,4.0,9,25,0.0,1,0.08593278658992787
1,0.0,0.0,2211.51,0.0,9,40,0.0,-1,-0.037945762277802775
53,4.0,1.0,1745.28,1.0,7,10,1.0,1,0.06552289573935244
54,2.0,1.0,4665.99,3.0,3,5,0.0,1,0.1087435059954378
54,6.0,1.0,3013.92,1.0,5,50,0.0,1,0.056235348432806975
3,7.0,0.0,2830.1,0.0,4,10,0.0,1,0.018306821754353608
16,0.0,1.0,3525.13,4.0,7,10,0.0,1,0.08831208733944285
23,0.0,1.0,1608.8,0.0,9,5,0.0,1,0.06312860107243456
57,2.0,1.0,3788.89,3.0,2,40,0.0,1,0.050653866038572914
11,1.0,0.0,3019.27,2.0,8,15,0.0,1,0.06992274589250391
12,3.0,0.0,500.0,1.0,9,25,0.0,1,0.030774647122921772
10,3.0,0.0,500.0,4.0,9,30,0.0,1,0.010927855243849871
32,0.0,1.0,1641.55,2.0,7,5,0.0,1,0.11251360192629384
16,5.0,1.0,518.49,0.0,9,10,0.0,1,0.06589855933949784
8,5.0,0.0,2142.58,4.0,9,30,1.0,-1,-0.021791782666904846
38,2.0,1.0,979.39,2.0,3,5,0.0,1,0.13918761162987603
12,3.0,0.0,2353.42,4.0,4,25,0.0,1,0.05410918640587348
24,0.0,1.0,4617.56,3.0,2,40,0.0,1,0.025073070250817397
28,1.0,1.0,2425.93,3.0,3,20,0.0,1,0.1306560267586223
53,3.0,1.0,2045.55,1.0,5,25,1.0,1,0.06984996827775969
8,0.0,0.0,3082.36,1.0,5,30,0.0,1,0.04092261089741178
58,0.0,1.0,1455.37,3.0,6,30,0.0,1,0.07125355532879185
28,6.0,1.0,3765.12,4.0,7,5,1.0,1,0.028111195916923126
36,1.0,1.0,3242.82,3.0,7,0,1.0,1,0.08170317351651302
26,6.0,1.0,2558.3,1.0,1,10,0.0,1,0.09991946627790904
8,2.0,0.0,2731.47,3.0,2,20,0.0,1,0.05496524214260834
58,6.0,1.0,5562.62,3.0,9,10,1.0,-1,-0.008966240122377567
60,7.0,1.0,3913.47,4.0,2,25,0.0,1,0.045564427103613525
50,6.0,1.0,5799.29,2.0,6,5,0.0,1,0.08821805365312463
28,7.0,1.0,3298.05,1.0,1,20,0.0,1,0.09004419057952862
28,3.0,1.0,500.0,4.0,3,0,0.0,1,0.10762353918841261
37,5.0,1.0,2106.74,3.0,2,25,0.0,1,0.1215406336551676
41,4.0,1.0,500.0,3.0,3,15,0.0,1,0.11591548843851496
36,4.0,1.0,3292.45,2.0,5,0,0.0,1,0.15670859347216398
27,0.0,1.0,3618.11,1.0,6,0,0.0,1,0.11788687655586166
54,4.0,1.0,1171.13,1.0,9,25,0.0,1,0.08566886277407804
17,7.0,1.0,1516.55,0.0,4,10,0.0,1,0.10041461102697768
9,1.0,0.0,2723.13,1.0,7,0,0.0,1,0.07324150802627916
33,6.0,1.0,702.84,2.0,6,50,0.0,1,0.07407031407949849
53,7.0,1.0,590.26,0.0,2,25,1.0,1,0.017914640847678576
20,1.0,1.0,4357.95,0.0,8,50,0.0,1,0.03447607082549309
13,5.0,1.0,2672.07,3.0,7,10,0.0,1,0.12457216248149905
28,4.0,1.0,1662.84,3.0,7,10,0.0,1,0.13657480846391412
48,5.0,1.0,500.0,1.0,8,30,0.0,1,0.09701992805321402
29,4.0,1.0,3778.53,0.0,1,15,0.0,1,0.08829513047017934
13,6.0,1.0,1473.22,3.0,1,25,0.0,1,0.06577991429573049
46,2.0,1.0,5291.03,2.0,8,0,0.0,1,0.09730274240894549
35,6.0,1.0,3788.97,3.0,4,10,0.0,1,0.12937527633817453
6,3.0,0.0,1287.79,3.0,5,0,1.0,1,0.022069481395190493
18,7.0,1.0,1426.79,0.0,8,0,1.0,1,0.01318868909089066
51,0.0,1.0,5082.78,0.0,5,0,0.0,1,0.056441165384739755
5,2.0,0.0,2373.61,4.0,4,0,0.0,1,0.0628886671244222
47,6.0,1.0,1730.03,2.0,6,50,0.0,1,0.06910884439938803
25,1.0,1.0,2541.58,0.0,5,0,1.0,1,0.05470092211886246
2,2.0,0.0,1723.13,1.0,7,20,0.0,1,0.055584181860733106
10,7.0,0.0,2861.57,2.0,7,30,1.0,1,0.008094379937170881
56,4.0,1.0,2386.26,2.0,4,15,1.0,1,0.08146072564033668
30,2.0,1.0,3813.26,0.0,5,0,1.0,1,0.05949851319842436
50,4.0,1.0,1917.14,2.0,3,25,0.0,1,0.13253187734037686
59,7.0,1.0,1172.78,0.0,4,20,0.0,1,0.07069858502754467
45,6.0,1.0,1976.52,3.0,4,25,0.0,1,0.12929947215253945
5,7.0,0.0,1967.37,4.0,3,25,0.0,1,0.03459748015946029
55,2.0,1.0,2383.7,3.0,5,50,1.0,1,0.00038459006409541363
56,1.0,1.0,3451.81,0.0,5,15,0.0,1,0.09022921059239808
33,5.0,1.0,3369.86,0.0,7,5,0.0,1,0.12004688817731052
54,2.0,1.0,4299.49,3.0,4,20,0.0,1,0.1091028230117938
1,7.0,0.0,1282.77,1.0,4,0,1.0,-1,-0.00947008736508037
18,5.0,1.0,3083.08,1.0,9,30,0.0,1,0.09411928939849368
32,7.0,1.0,3590.98,1.0,6,0,0.0,1,0.11980668241156994
47,1.0,1.0,1488.67,0.0,4,5,0.0,1,0.10258619189411411
49,7.0,1.0,2188.55,2.0,2,30,0.0,1,0.09772942992239603
11,6.0,0.0,500.0,0.0,6,15,1.0,-1,-0.015072420094206285
21,0.0,1.0,3860.29,2.0,2,5,0.0,1,0.08621987749571158
26,4.0,1.0,2176.75,3.0,5,10,1.0,1,0.07433283936264456
25,4.0,1.0,3709.85,4.0,6,30,0.0,1,0.09898283616176756
22,2.0,1.0,2809.07,2.0,4,5,0.0,1,0.140990783839559
59,0.0,1.0,2222.25,1.0,3,30,1.0,1,0.02621841333709729
27,7.0,1.0,500.0,0.0,7,0,0.0,1,0.08499657263502358
49,1.0,1.0,500.0,3.0,2,25,0.0,1,0.08376368070463536
13,2.0,1.0,500.0,1.0,6,30,1.0,1,0.052643842673099295
33,7.0,1.0,1656.08,3.0,4,0,0.0,1,0.12019017582288599
34,5.0,1.0,5917.37,4.0,6,10,0.0,1,0.07388870748732945
41,3.0,1.0,568.08,0.0,4,0,0.0,1,0.11278895823510843
35,7.0,1.0,500.0,0.0,4,25,0.0,1,0.08553185326899071
1,0.0,0.0,3944.0,4.0,4,15,0.0,1,0.020327634650806115
21,2.0,1.0,6045.58,0.0,9,20,0.0,1,0.02967587968889307
48,0.0,1.0,2946.88,2.0,7,0,0.0,1,0.11432069937764183
55,2.0,1.0,2933.1,3.0,3,0,0.0,1,0.12666435533390763
6,7.0,0.0,2035.18,1.0,3,0,1.0,1,0.013063804932162526
28,6.0,1.0,500.0,4.0,6,5,0.0,1,0.09593147375865274
17,5.0,1.0,500.0,2.0,6,15,0.0,1,0.12392303221995071
5,7.0,0.0,2024.87,1.0,4,30,1.0,1,0.01313525306755814
31,4.0,1.0,1737.32,1.0,9,20,0.0,1,0.11881557597102993
5,0.0,0.0,2327.24,4.0,4,10,0.0,1,0.053738290490194185
38,3.0,1.0,3743.99,2.0,9,50,0.0,1,0.062309715393328635
3,3.0,0.0,1627.24,1.0,4,25,1.0,1,0.024508918362278198
53,1.0,1.0,3774.58,1.0,2,40,1.0,1,0.009877411526630797
23,2.0,1.0,1637.07,2.0,2,15,0.0,1,0.12788907713499892
37,0.0,1.0,4057.36,0.0,5,0,0.0,1,0.09423744123515021
53,1.0,1.0,2629.55,1.0,4,0,1.0,1,0.07599150277083755
37,0.0,1.0,1846.25,3.0,7,25,0.0,1,0.11233410453102327
10,4.0,0.0,2603.94,2.0,5,0,1.0,1,0.03974420971725201
10,2.0,0.0,2059.69,1.0,6,5,0.0,1,0.08368829804020617
19,7.0,1.0,2669.7,4.0,4,15,0.0,1,0.08383368481031483
17,7.0,1.0,3637.16,3.0,2,15,0.0,1,0.08071134511476052
21,3.0,1.0,2369.18,1.0,9,20,0.0,1,0.1192149202134633
14,7.0,1.0,1945.65,3.0,7,0,0.0,1,0.10428627404199842
9,7.0,0.0,814.73,3.0,4,5,0.0,1,0.04836770861278605
46,4.0,1.0,3368.77,0.0,3,20,0.0,1,0.11327530876768349
1,6.0,0.0,3022.41,3.0,3,50,0.0,1,0.0046104767094736765
51,3.0,1.0,727.09,0.0,9,25,1.0,1,0.013781962529172631
45,1.0,1.0,3753.24,2.0,5,40,0.0,1,0.0849977028011446
13,5.0,1.0,702.72,0.0,3,25,0.0,1,0.07929817815499307
4,6.0,0.0,4043.83,4.0,5,15,1.0,-1,-0.008939182874296514
1,1.0,0.0,3531.79,1.0,2,0,0.0,1,0.025082155390540373
49,2.0,1.0,3129.5,2.0,4,20,1.0,1,0.08684184660024752
40,6.0,1.0,1934.51,2.0,2,20,0.0,1,0.1274891616018553
32,4.0,1.0,3363.67,4.0,2,20,0.0,1,0.10469309205734306
