customer_tenure,customer_location,customer_type,order_value,payment_method,order_frequency,discount_applied,return_status,product_category,size,inventory_status,source,engagement_score,cluster
0.23333333333333334,2.0,1.0,0.7461047835990889,2.0,1.0,-0.4,0.0,1.0,4.0,0.0,4.0,-0.3,0
0.6666666666666666,3.0,1.0,-0.1699164768413058,1.0,-0.5,0.0,0.0,5.0,2.0,1.0,2.0,-0.28,0
-0.1,7.0,1.0,-0.8516527461402175,2.0,0.75,0.6,0.0,5.0,0.0,0.0,0.0,0.88,1
-0.5666666666666667,4.0,1.0,-1.0332978992660085,3.0,-1.0,-0.6,0.0,5.0,4.0,0.0,4.0,-0.82,1
0.36666666666666664,7.0,1.0,-0.3532169071121234,4.0,1.0,1.0,1.0,4.0,0.0,0.0,4.0,-1.02,1
-0.8,2.0,0.0,-0.9216805871931155,0.0,1.0,0.2,0.0,5.0,4.0,0.0,0.0,-0.54,0
-0.36666666666666664,2.0,1.0,1.9515464439382437,2.0,-0.75,0.6,1.0,5.0,4.0,0.0,3.0,-0.2,0
0.23333333333333334,2.0,1.0,-0.5147253859782333,2.0,-0.25,0.0,1.0,3.0,2.0,0.0,0.0,0.0,0
0.8666666666666667,5.0,1.0,-0.5354796254112881,1.0,0.75,0.4,0.0,5.0,1.0,0.0,1.0,-0.56,1
-0.43333333333333335,5.0,1.0,-1.0332978992660085,1.0,0.5,-0.6,0.0,2.0,4.0,0.0,0.0,0.02,1
-0.3,0.0,1.0,-0.22311313591495813,2.0,-1.0,0.6,0.0,1.0,4.0,0.0,3.0,0.08,0
-0.7,0.0,0.0,-0.5254770944064793,3.0,0.0,-0.6,0.0,4.0,2.0,0.0,0.0,0.22,0
-0.7,2.0,0.0,1.2985623892685398,0.0,0.5,0.6,0.0,0.0,1.0,1.0,4.0,0.58,0
-0.26666666666666666,3.0,1.0,0.1070260693495319,1.0,-0.25,1.4,0.0,1.0,3.0,0.0,2.0,-0.88,0
0.7,6.0,1.0,-0.0276284484940521,3.0,-1.0,-0.6,0.0,3.0,3.0,0.0,4.0,0.14,1
0.13333333333333333,5.0,1.0,-0.12315363199190077,4.0,1.0,-0.6,0.0,4.0,1.0,0.0,2.0,-0.14,1
0.26666666666666666,3.0,1.0,0.5760465704884842,1.0,0.0,0.4,0.0,4.0,0.0,0.0,0.0,-0.5,0
-0.26666666666666666,1.0,1.0,-0.3643482662617058,3.0,-0.75,-0.6,0.0,2.0,2.0,0.0,1.0,0.0,0
-0.9666666666666667,5.0,0.0,0.48571500885851693,3.0,0.75,0.6,0.0,1.0,1.0,0.0,0.0,-0.68,1
-0.3333333333333333,5.0,1.0,1.2045912427233612,0.0,-0.75,-0.6,1.0,1.0,3.0,0.0,3.0,0.78,1
0.7,0.0,1.0,0.32843837003290327,0.0,-0.5,-0.6,0.0,5.0,4.0,0.0,0.0,0.68,0
-1.0,6.0,0.0,-0.2105188559858262,4.0,-1.0,1.4,0.0,2.0,3.0,0.0,2.0,-0.72,1
-0.26666666666666666,6.0,1.0,-0.7448595292331054,3.0,-0.75,0.2,0.0,5.0,4.0,1.0,4.0,0.28,1
0.4,4.0,1.0,-0.22980005062009606,3.0,0.5,0.6,1.0,5.0,2.0,1.0,1.0,-0.94,1
-0.06666666666666667,7.0,1.0,0.4066514806378133,0.0,-0.75,-0.4,0.0,4.0,4.0,0.0,0.0,0.6,1
0.2,7.0,1.0,-1.0332978992660085,1.0,0.25,0.2,0.0,1.0,1.0,0.0,0.0,-0.98,1
-1.0,7.0,0.0,0.6104935459377374,1.0,-0.5,0.0,0.0,5.0,4.0,0.0,4.0,0.78,1
0.9333333333333333,7.0,1.0,0.13674512781574302,2.0,-0.25,0.2,1.0,3.0,0.0,0.0,1.0,0.58,1
-0.36666666666666664,1.0,1.0,-0.13417362692989113,0.0,0.75,0.2,0.0,3.0,1.0,0.0,0.0,0.56,0
0.03333333333333333,1.0,1.0,-0.5215894710199948,2.0,-0.5,0.0,0.0,1.0,2.0,0.0,0.0,0.36,0
-0.6666666666666666,5.0,0.0,-0.3826119969627941,0.0,0.25,-0.2,0.0,3.0,1.0,0.0,2.0,-0.9,1
0.8666666666666667,2.0,1.0,0.4326398380156924,4.0,-1.0,-0.6,0.0,4.0,0.0,0.0,2.0,-0.04,0
-0.3333333333333333,0.0,1.0,-0.11824854467223483,3.0,0.5,0.4,0.0,2.0,2.0,0.0,3.0,-0.76,0
0.4,0.0,1.0,-0.4014123006833712,4.0,0.75,-0.6,0.0,0.0,3.0,0.0,4.0,-0.28,0
-0.23333333333333334,7.0,1.0,0.3348873702860036,0.0,0.75,0.2,1.0,5.0,0.0,0.0,1.0,0.54,1
0.5666666666666667,5.0,1.0,0.3649708934446978,3.0,-0.5,-0.6,1.0,0.0,2.0,0.0,0.0,-0.1,1
-0.16666666666666666,4.0,1.0,-0.9693950898506706,1.0,-1.0,0.2,0.0,2.0,4.0,0.0,0.0,-0.38,1
0.9,3.0,1.0,0.41302961275626426,1.0,1.0,0.4,0.0,2.0,1.0,0.0,3.0,-0.18,0
0.3333333333333333,2.0,1.0,1.8786484434320427,2.0,0.25,-0.6,1.0,4.0,2.0,0.0,0.0,0.78,0
-0.13333333333333333,5.0,1.0,0.33568716780561886,0.0,1.0,-0.6,0.0,3.0,1.0,0.0,4.0,-0.46,1
0.9333333333333333,2.0,1.0,-1.0332978992660085,0.0,0.5,-0.6,0.0,3.0,4.0,0.0,3.0,0.1,0
-0.5333333333333333,2.0,1.0,0.11378385218931926,1.0,-1.0,0.2,1.0,2.0,2.0,0.0,4.0,0.98,0
-0.5666666666666667,2.0,1.0,-1.0332978992660085,4.0,-1.0,0.6,0.0,4.0,3.0,0.0,3.0,-0.94,0
0.5,5.0,1.0,2.384095165780815,3.0,0.25,-0.6,1.0,4.0,0.0,0.0,0.0,0.82,1
0.6333333333333333,7.0,1.0,1.6766540116426223,4.0,0.0,0.4,1.0,1.0,2.0,1.0,3.0,0.88,1
0.4,0.0,1.0,-0.5265451784358389,4.0,1.0,-0.4,1.0,5.0,4.0,0.0,2.0,0.16,0
0.7666666666666667,0.0,1.0,-1.0332978992660085,1.0,-0.75,-0.2,0.0,3.0,2.0,0.0,1.0,0.36,0
0.6666666666666666,7.0,1.0,-0.6878461149076182,1.0,0.75,1.0,1.0,2.0,1.0,1.0,0.0,-1.0,1
0.8333333333333334,2.0,1.0,-0.15832447481650191,1.0,0.0,-0.4,1.0,1.0,2.0,0.0,1.0,0.36,0
-0.9666666666666667,3.0,0.0,-1.0332978992660085,2.0,-0.75,-0.2,0.0,0.0,3.0,0.0,0.0,-0.18,0
0.16666666666666666,6.0,1.0,-0.0733029612756264,4.0,0.25,-0.6,0.0,3.0,2.0,0.0,1.0,-0.96,1
0.6333333333333333,5.0,1.0,-0.16332574031890643,0.0,0.75,-0.6,0.0,5.0,0.0,0.0,2.0,0.08,1
-0.8333333333333334,6.0,0.0,0.07413313085294876,3.0,-0.25,-0.6,0.0,4.0,2.0,0.0,1.0,0.82,1
-0.36666666666666664,4.0,1.0,0.15347506960263227,2.0,-0.75,-0.6,1.0,2.0,1.0,0.0,3.0,0.14,1
-0.7666666666666667,7.0,0.0,-0.754092634776006,0.0,0.0,0.2,0.0,3.0,2.0,0.0,1.0,0.74,1
0.23333333333333334,3.0,1.0,-0.6688939508985066,4.0,-0.75,-0.2,0.0,0.0,3.0,0.0,0.0,-0.86,0
-0.4666666666666667,5.0,1.0,0.013723108073905406,1.0,-0.75,0.0,0.0,5.0,4.0,0.0,4.0,-0.98,1
-0.9333333333333333,7.0,0.0,-0.5000101240192355,4.0,0.25,-0.6,0.0,5.0,2.0,0.0,1.0,0.76,1
-0.23333333333333334,2.0,1.0,0.6681650215135408,3.0,1.0,-0.6,0.0,1.0,2.0,0.0,1.0,-0.08,0
0.9333333333333333,0.0,1.0,0.006357884079979954,2.0,-0.25,0.2,1.0,3.0,0.0,0.0,1.0,-0.18,0
-0.6,6.0,1.0,1.3952012148823083,2.0,0.25,1.4,0.0,0.0,3.0,0.0,0.0,0.78,1
0.6,1.0,1.0,0.6020956719817768,3.0,0.5,-0.6,1.0,5.0,4.0,0.0,1.0,0.96,0
0.8666666666666667,1.0,1.0,0.8171551505947862,0.0,0.25,0.6,0.0,2.0,1.0,0.0,0.0,0.88,0
-0.7666666666666667,3.0,0.0,0.07976208554796263,0.0,0.75,0.0,0.0,5.0,2.0,0.0,0.0,-1.02,0
-0.2,2.0,1.0,0.09858769931662881,2.0,-0.25,0.0,0.0,0.0,4.0,0.0,4.0,0.1,0
0.7,4.0,1.0,1.2936977980258162,2.0,-1.0,0.0,0.0,4.0,1.0,0.0,3.0,0.02,1
-1.0,6.0,0.0,-0.30813464945583385,1.0,0.5,-0.6,0.0,4.0,3.0,0.0,0.0,-0.72,1
-0.4,2.0,1.0,0.3942748671222477,0.0,-0.5,-0.6,0.0,1.0,3.0,0.0,2.0,-0.02,0
-0.13333333333333333,6.0,1.0,-0.22305239179954436,3.0,0.25,0.2,0.0,3.0,4.0,0.0,1.0,0.46,1
0.5,3.0,1.0,-0.22486965325234096,0.0,-0.75,-0.4,0.0,0.0,1.0,0.0,2.0,0.76,0
0.9333333333333333,3.0,1.0,-0.908438370032903,1.0,1.0,1.0,0.0,1.0,3.0,1.0,1.0,0.06,0
-0.8333333333333334,4.0,0.0,-0.5846874209060996,2.0,-1.0,-0.2,0.0,5.0,4.0,0.0,4.0,-1.02,1
0.4,1.0,1.0,-0.7257301948873702,2.0,0.25,-0.6,0.0,5.0,3.0,0.0,0.0,0.76,0
-0.8,2.0,0.0,0.4304074917742346,1.0,0.25,0.4,0.0,4.0,3.0,0.0,3.0,-0.48,0
0.5,5.0,1.0,0.7689344469754493,3.0,0.0,-0.6,0.0,1.0,3.0,0.0,0.0,0.02,1
0.1,1.0,1.0,-0.09284231840040488,2.0,0.0,0.0,0.0,4.0,0.0,0.0,1.0,0.12,0
-0.6,2.0,1.0,0.15345988357377896,4.0,-1.0,0.2,1.0,2.0,1.0,1.0,3.0,0.42,0
-0.5,1.0,1.0,-0.13666919767147548,2.0,0.0,1.0,0.0,4.0,4.0,0.0,0.0,0.16,0
0.13333333333333333,5.0,1.0,-0.6365173373829409,4.0,-0.75,0.4,0.0,2.0,4.0,0.0,3.0,0.14,1
0.6,0.0,1.0,0.633819286256644,1.0,0.5,0.2,0.0,5.0,1.0,0.0,1.0,-0.6,0
0.26666666666666666,0.0,1.0,0.474573525689699,1.0,-0.5,0.2,0.0,1.0,1.0,0.0,4.0,-0.88,0
-0.9333333333333333,4.0,0.0,-1.0332978992660085,2.0,-0.25,1.0,0.0,2.0,1.0,0.0,4.0,-0.06,1
-1.0,0.0,0.0,-0.23585927613262445,0.0,-0.5,-0.6,0.0,1.0,1.0,0.0,0.0,-0.2,0
-0.8666666666666667,0.0,0.0,-0.6906200961781825,4.0,-0.5,-0.6,0.0,1.0,2.0,0.0,2.0,-0.5,0
0.7333333333333333,7.0,1.0,-0.31773728170083515,3.0,-0.25,-0.6,0.0,2.0,4.0,0.0,1.0,-0.26,1
0.3333333333333333,6.0,1.0,-0.5299569729182485,2.0,0.0,-0.6,0.0,3.0,2.0,0.0,0.0,0.62,1
-0.9333333333333333,7.0,0.0,-0.0561427486712224,3.0,-1.0,0.2,1.0,4.0,3.0,0.0,0.0,-0.54,1
0.7333333333333333,7.0,1.0,-0.27139964565932656,2.0,-0.25,0.2,1.0,2.0,3.0,0.0,4.0,-0.28,1
-0.1,4.0,1.0,-0.28751708428246003,0.0,0.75,0.0,0.0,5.0,4.0,0.0,3.0,0.66,1
-0.4666666666666667,7.0,1.0,0.8199443178942041,0.0,0.5,-0.6,0.0,1.0,3.0,0.0,1.0,-0.56,1
-0.2,0.0,1.0,0.40217160212604414,0.0,1.0,0.4,0.0,0.0,1.0,1.0,3.0,-0.56,0
0.4,5.0,1.0,-0.5553631991900783,0.0,0.0,-0.4,1.0,2.0,2.0,0.0,1.0,0.16,1
0.06666666666666667,4.0,1.0,-0.44272336117438604,1.0,-0.25,0.2,0.0,4.0,1.0,0.0,2.0,0.62,1
-0.7333333333333333,4.0,0.0,0.35252341179448254,1.0,0.75,0.0,0.0,1.0,3.0,1.0,4.0,-0.04,1
0.13333333333333333,3.0,1.0,0.35148063781321204,4.0,1.0,-0.4,0.0,3.0,2.0,0.0,2.0,0.28,0
-0.6,4.0,1.0,-0.47934700075930137,3.0,0.5,-0.6,1.0,5.0,1.0,0.0,0.0,-0.76,1
-0.03333333333333333,3.0,1.0,-0.1985674512781572,2.0,0.5,-0.6,0.0,3.0,4.0,0.0,4.0,0.02,0
0.5333333333333333,4.0,1.0,1.3813869906352823,2.0,0.0,0.6,0.0,0.0,1.0,0.0,0.0,-0.4,1
-0.5666666666666667,6.0,1.0,-0.46626170589724103,1.0,-0.25,1.0,0.0,2.0,3.0,0.0,2.0,0.88,1
-0.8,0.0,0.0,1.4299822829663378,2.0,-1.0,0.2,0.0,1.0,2.0,0.0,1.0,0.8,0
-0.6,4.0,1.0,0.8171197165274615,1.0,0.5,-0.6,0.0,2.0,4.0,0.0,0.0,-0.08,1
-0.3,0.0,1.0,1.2892128575044293,4.0,-1.0,-0.2,0.0,4.0,2.0,0.0,3.0,-0.26,0
0.9333333333333333,0.0,1.0,-0.4985522652493038,3.0,-1.0,0.4,0.0,2.0,4.0,0.0,1.0,-0.24,0
0.8333333333333334,1.0,1.0,-0.1488787648696531,4.0,0.0,0.4,1.0,5.0,2.0,1.0,1.0,-0.2,0
0.26666666666666666,4.0,1.0,-0.3619488737028599,0.0,1.0,-0.6,0.0,0.0,3.0,0.0,2.0,0.5,1
-0.36666666666666664,2.0,1.0,0.8346494558339662,0.0,0.25,-0.6,0.0,3.0,4.0,0.0,2.0,0.48,0
-0.5333333333333333,1.0,1.0,-0.45194128068843314,0.0,-0.5,0.4,0.0,0.0,0.0,0.0,4.0,-0.88,0
0.43333333333333335,2.0,1.0,0.5343153631991903,4.0,-0.5,-0.4,0.0,1.0,2.0,0.0,4.0,0.54,0
-0.4666666666666667,0.0,1.0,0.4941381928625665,2.0,0.5,-0.6,0.0,2.0,2.0,0.0,3.0,-0.52,0
0.5,0.0,1.0,-0.05736269298911653,3.0,0.25,-0.6,0.0,1.0,1.0,0.0,1.0,-0.8,0
0.7,1.0,1.0,0.9651784358390281,0.0,1.0,0.0,1.0,3.0,4.0,0.0,3.0,-0.18,0
-0.26666666666666666,1.0,1.0,0.06086560364464704,0.0,0.25,0.6,0.0,1.0,0.0,0.0,3.0,-0.02,0
-0.2,2.0,1.0,0.612427233611744,0.0,0.0,1.4,0.0,4.0,3.0,0.0,2.0,0.78,0
-0.23333333333333334,3.0,1.0,-0.3965274614021765,3.0,0.5,0.0,0.0,0.0,1.0,0.0,3.0,0.6,0
0.9333333333333333,2.0,1.0,-0.5702050113895215,0.0,-1.0,0.0,0.0,3.0,0.0,0.0,3.0,0.96,0
0.9333333333333333,1.0,1.0,0.534264743103012,3.0,0.5,-0.6,1.0,3.0,4.0,0.0,0.0,0.22,0
0.9333333333333333,5.0,1.0,0.30624145785877016,0.0,-0.5,0.0,0.0,3.0,0.0,0.0,4.0,-0.06,1
0.43333333333333335,1.0,1.0,0.16384712730954204,4.0,1.0,-0.4,0.0,5.0,2.0,1.0,4.0,-0.5,0
0.3,5.0,1.0,-0.2818577575297392,4.0,0.25,0.2,1.0,0.0,2.0,1.0,1.0,-0.86,1
-0.1,6.0,1.0,1.1554188812958748,3.0,1.0,-0.4,0.0,1.0,1.0,0.0,4.0,-0.26,1
-0.5666666666666667,1.0,1.0,-0.8687218425715008,4.0,0.0,-0.6,0.0,3.0,4.0,0.0,1.0,0.26,0
0.43333333333333335,6.0,1.0,-0.9102961275626422,3.0,0.5,-0.6,1.0,0.0,4.0,0.0,0.0,0.38,1
-1.0333333333333334,3.0,0.0,0.6944925335358139,4.0,-0.25,-0.4,0.0,3.0,0.0,0.0,4.0,0.76,0
-0.23333333333333334,2.0,1.0,0.632174133130853,4.0,0.5,-0.6,0.0,4.0,1.0,0.0,0.0,0.38,0
-0.8333333333333334,5.0,0.0,0.24771450265755512,3.0,-1.0,-0.6,0.0,4.0,4.0,0.0,4.0,-0.9,1
-0.7666666666666667,2.0,0.0,-0.23953935712477833,2.0,0.5,1.4,0.0,4.0,2.0,0.0,4.0,0.4,0
-0.26666666666666666,6.0,1.0,0.3605922551252849,4.0,0.75,-0.2,1.0,2.0,0.0,0.0,0.0,0.56,1
-1.0333333333333334,5.0,0.0,1.2857352568969882,0.0,0.0,0.0,1.0,3.0,3.0,0.0,3.0,0.3,1
0.4,2.0,1.0,1.889162237408251,2.0,-0.75,0.6,0.0,2.0,2.0,0.0,3.0,-0.84,0
-0.8,1.0,0.0,-1.0332978992660085,3.0,0.0,1.4,0.0,0.0,1.0,0.0,3.0,0.38,0
-0.26666666666666666,0.0,1.0,-0.33898253606681844,2.0,0.25,0.0,0.0,2.0,4.0,0.0,3.0,0.66,0
-0.7,6.0,0.0,-0.3867071627436091,1.0,-0.75,0.6,1.0,0.0,2.0,0.0,4.0,0.02,1
0.6333333333333333,2.0,1.0,1.214123006833713,1.0,0.25,-0.4,0.0,0.0,3.0,0.0,2.0,0.98,0
-0.5,6.0,1.0,-1.0332978992660085,4.0,0.25,-0.4,0.0,0.0,3.0,0.0,0.0,0.86,1
-0.8,7.0,0.0,0.36925841559098976,4.0,-1.0,-0.2,0.0,1.0,1.0,0.0,2.0,0.7,1
0.1,6.0,1.0,-0.21589471019994916,0.0,-1.0,0.2,0.0,2.0,2.0,1.0,2.0,0.1,1
0.1,5.0,1.0,1.2229258415590991,2.0,-0.5,0.2,1.0,1.0,0.0,0.0,1.0,0.78,1
0.03333333333333333,7.0,1.0,1.1188458618071377,1.0,-0.5,-0.4,0.0,3.0,2.0,0.0,3.0,0.68,1
0.9,4.0,1.0,0.2566337636041511,4.0,-0.25,-0.6,0.0,2.0,3.0,0.0,4.0,-0.5,1
-0.9,5.0,0.0,-1.0332978992660085,2.0,-0.75,0.2,0.0,3.0,1.0,0.0,3.0,0.04,1
0.3333333333333333,0.0,1.0,-0.4566489496330041,4.0,1.0,-0.6,0.0,3.0,1.0,1.0,3.0,-0.96,0
0.23333333333333334,7.0,1.0,-0.3735105036699568,4.0,0.5,0.0,0.0,0.0,0.0,0.0,2.0,0.72,1
0.8666666666666667,4.0,1.0,-1.02807390534042,1.0,0.5,0.2,0.0,2.0,1.0,0.0,1.0,-0.58,1
0.3,1.0,1.0,0.8557833459883576,1.0,0.25,0.4,0.0,3.0,1.0,0.0,3.0,-0.08,0
-0.13333333333333333,6.0,1.0,-1.0332978992660085,4.0,-0.5,0.4,0.0,4.0,1.0,0.0,0.0,0.62,1
-0.8333333333333334,2.0,0.0,1.4713793976208556,3.0,0.25,0.6,0.0,3.0,1.0,0.0,0.0,-0.2,0
-0.7666666666666667,3.0,0.0,1.4694760820045558,4.0,0.75,-0.2,0.0,4.0,1.0,0.0,3.0,-0.98,0
-0.8,6.0,0.0,-0.31327258921791934,4.0,0.75,0.4,0.0,2.0,3.0,0.0,2.0,0.78,1
-0.6666666666666666,4.0,0.0,0.2285294862060238,0.0,1.0,0.2,0.0,1.0,2.0,0.0,2.0,-0.98,1
0.06666666666666667,6.0,1.0,-0.07578334598835716,0.0,-1.0,-0.6,0.0,2.0,4.0,0.0,4.0,-0.48,1
0.03333333333333333,0.0,1.0,0.6638623133383954,0.0,-1.0,-0.6,0.0,1.0,1.0,0.0,1.0,0.22,0
0.5333333333333333,1.0,1.0,0.9469703872437362,3.0,-0.5,-0.6,1.0,1.0,4.0,0.0,2.0,0.58,0
0.7666666666666667,3.0,1.0,0.17500379650721348,3.0,-0.5,-0.2,0.0,2.0,4.0,0.0,4.0,-0.42,0
-0.3,7.0,1.0,0.3353075170842825,4.0,0.75,0.2,0.0,3.0,3.0,0.0,0.0,-0.84,1
-0.26666666666666666,7.0,1.0,-0.49212351303467466,0.0,-1.0,0.6,0.0,5.0,1.0,0.0,0.0,-0.06,1
0.16666666666666666,7.0,1.0,0.31070108833206805,3.0,-0.75,-0.6,0.0,3.0,4.0,0.0,0.0,0.68,1
0.1,4.0,1.0,0.10268792710706157,1.0,-0.75,-0.6,0.0,3.0,1.0,0.0,3.0,0.84,1
0.4,5.0,1.0,-0.7132219691217412,4.0,-0.5,1.4,0.0,0.0,0.0,0.0,1.0,-0.62,1
0.26666666666666666,5.0,1.0,-0.031556567957478965,2.0,0.25,-0.6,0.0,0.0,0.0,0.0,4.0,0.96,1
-0.3333333333333333,2.0,1.0,-0.31184510250569464,4.0,-1.0,-0.2,0.0,3.0,0.0,0.0,1.0,0.02,0
-0.16666666666666666,3.0,1.0,-0.48368514300177157,2.0,-0.75,0.0,0.0,4.0,4.0,0.0,3.0,0.7,0
0.1,7.0,1.0,-0.8914300177170336,0.0,-1.0,0.0,0.0,1.0,0.0,0.0,4.0,0.48,1
-1.0333333333333334,5.0,0.0,0.02656036446469261,2.0,0.0,-0.6,0.0,0.0,3.0,0.0,4.0,0.74,1
0.1,4.0,1.0,-0.6135105036699569,0.0,0.5,-0.6,1.0,3.0,3.0,0.0,2.0,0.04,1
0.16666666666666666,2.0,1.0,-0.3786079473550999,1.0,0.75,-0.6,0.0,5.0,4.0,0.0,1.0,0.1,0
0.5,1.0,1.0,0.7954492533535813,2.0,-1.0,0.0,0.0,4.0,1.0,0.0,1.0,-0.64,0
-0.6,2.0,1.0,0.4590685902303216,4.0,0.5,0.0,0.0,2.0,2.0,0.0,2.0,-0.06,0
-0.9666666666666667,5.0,0.0,-0.7640749177423436,0.0,0.0,-0.6,0.0,3.0,1.0,0.0,0.0,-0.9,1
-1.0333333333333334,0.0,0.0,0.24629713996456615,4.0,-1.0,0.2,0.0,3.0,1.0,0.0,3.0,-0.46,0
-0.9,4.0,0.0,0.07992406985573289,3.0,-0.5,0.6,0.0,1.0,1.0,0.0,1.0,-0.08,1
-0.2,0.0,1.0,1.271202227284232,0.0,0.5,-0.6,0.0,4.0,1.0,0.0,2.0,0.82,0
0.7666666666666667,7.0,1.0,1.0293292837256394,2.0,-1.0,-0.2,0.0,0.0,2.0,0.0,4.0,-0.78,1
-0.6,0.0,1.0,-1.0332978992660085,0.0,0.5,0.2,0.0,0.0,0.0,1.0,2.0,-0.98,0
0.23333333333333334,7.0,1.0,0.6329587446216149,4.0,0.0,-0.6,1.0,0.0,1.0,1.0,0.0,-1.0,1
-0.16666666666666666,7.0,1.0,0.9397722095671984,1.0,-1.0,-0.4,0.0,2.0,3.0,0.0,3.0,-0.72,1
-0.7666666666666667,5.0,0.0,0.40382687927107075,0.0,-1.0,0.2,0.0,4.0,4.0,1.0,0.0,0.84,1
-0.5666666666666667,0.0,1.0,-0.27557580359402667,2.0,-1.0,0.6,1.0,4.0,4.0,0.0,4.0,-0.92,0
-0.5666666666666667,7.0,1.0,1.8115970640344219,3.0,1.0,0.6,0.0,0.0,3.0,0.0,4.0,-0.14,1
-0.2,3.0,1.0,0.4737180460642877,1.0,-0.5,0.0,0.0,0.0,1.0,0.0,4.0,0.38,0
0.3333333333333333,1.0,1.0,1.4798987598076436,3.0,0.0,0.4,1.0,1.0,2.0,1.0,4.0,-0.94,0
0.9333333333333333,2.0,1.0,1.0052847380410026,0.0,1.0,-0.4,0.0,5.0,0.0,0.0,2.0,0.08,0
-0.6333333333333333,2.0,1.0,0.3315211338901544,4.0,0.25,0.2,0.0,5.0,4.0,0.0,4.0,0.38,0
0.6333333333333333,5.0,1.0,-0.4610630220197417,4.0,1.0,-0.2,1.0,3.0,0.0,0.0,4.0,0.92,1
0.0,0.0,1.0,-0.03920020248038451,2.0,0.75,-0.6,0.0,3.0,2.0,0.0,2.0,-0.4,0
0.23333333333333334,0.0,1.0,-0.18939508985067052,4.0,0.75,0.4,0.0,4.0,4.0,0.0,4.0,-0.06,0
0.5666666666666667,7.0,1.0,-0.9430827638572512,1.0,-1.0,0.0,0.0,4.0,0.0,0.0,0.0,-0.78,1
0.6666666666666666,4.0,1.0,0.4728625664388764,4.0,1.0,-0.4,0.0,2.0,2.0,0.0,0.0,-0.44,1
0.0,6.0,1.0,1.1691976714755759,2.0,0.25,1.0,0.0,2.0,0.0,0.0,1.0,-0.54,1
-0.9333333333333333,7.0,0.0,-0.2474006580612502,0.0,1.0,-0.6,0.0,5.0,1.0,0.0,0.0,0.66,1
-0.06666666666666667,1.0,1.0,1.6219691217413312,0.0,-0.5,-0.4,1.0,3.0,2.0,0.0,3.0,0.16,0
0.16666666666666666,3.0,1.0,-1.0332978992660085,4.0,-0.5,-0.6,0.0,5.0,0.0,0.0,3.0,0.14,0
-0.3,2.0,1.0,0.7796861554036955,3.0,0.25,0.4,0.0,5.0,1.0,0.0,3.0,0.66,0
0.23333333333333334,7.0,1.0,1.2482915717539864,0.0,1.0,0.4,1.0,3.0,1.0,0.0,2.0,-0.48,1
0.43333333333333335,6.0,1.0,-0.17581878005568208,4.0,0.5,-0.4,0.0,2.0,2.0,0.0,0.0,0.12,1
-0.5666666666666667,6.0,1.0,-0.16216654011642606,2.0,-0.5,0.2,0.0,1.0,3.0,0.0,3.0,-0.64,1
0.36666666666666664,7.0,1.0,0.7708782586686916,4.0,-0.5,-0.4,0.0,1.0,4.0,0.0,1.0,-0.36,1
-0.1,5.0,1.0,0.36330549228043535,0.0,-0.75,0.4,0.0,1.0,2.0,0.0,2.0,-0.94,1
0.13333333333333333,2.0,1.0,-1.0332978992660085,2.0,1.0,-0.2,0.0,3.0,1.0,0.0,1.0,0.6,0
-0.6333333333333333,5.0,1.0,-0.6612705644140723,4.0,-0.5,-0.2,0.0,0.0,1.0,0.0,0.0,0.16,1
0.0,3.0,1.0,-0.03118197924576052,1.0,0.0,1.0,0.0,0.0,2.0,0.0,4.0,-0.18,0
-0.8333333333333334,6.0,0.0,-1.0332978992660085,2.0,1.0,-0.6,0.0,0.0,3.0,0.0,1.0,0.1,1
0.9,6.0,1.0,-0.38093647177929624,1.0,0.75,-0.6,0.0,4.0,4.0,0.0,4.0,0.1,1
0.6333333333333333,1.0,1.0,-1.0332978992660085,3.0,-0.75,0.0,0.0,2.0,0.0,0.0,2.0,0.46,0
-0.3333333333333333,3.0,1.0,-0.30196912174133117,2.0,-0.5,1.4,0.0,2.0,2.0,0.0,1.0,0.04,0
-0.13333333333333333,6.0,1.0,-0.27649202733485184,1.0,-0.75,-0.4,0.0,4.0,4.0,0.0,1.0,0.58,1
-1.0,3.0,0.0,0.24619083776259193,0.0,0.75,-0.6,0.0,5.0,4.0,0.0,2.0,-0.14,0
0.3333333333333333,2.0,1.0,-0.09056947608200436,0.0,0.25,-0.4,0.0,1.0,1.0,0.0,2.0,0.68,0
0.43333333333333335,0.0,1.0,0.3608706656542648,3.0,0.25,0.0,1.0,0.0,0.0,0.0,3.0,-0.3,0
0.8333333333333334,6.0,1.0,0.2703315616299673,2.0,1.0,-0.6,0.0,1.0,2.0,0.0,0.0,0.64,1
0.7,1.0,1.0,0.7622019741837512,2.0,0.75,0.2,0.0,0.0,1.0,0.0,1.0,-0.08,0
-0.8666666666666667,2.0,0.0,0.642566438876234,2.0,-0.25,1.4,1.0,1.0,1.0,0.0,1.0,0.04,0
-0.13333333333333333,7.0,1.0,0.56234371045305,3.0,-0.25,-0.2,0.0,5.0,3.0,0.0,2.0,-0.08,1
-0.13333333333333333,3.0,1.0,2.336633763604151,2.0,1.0,-0.4,0.0,1.0,4.0,0.0,2.0,-0.92,0
0.4,7.0,1.0,0.2428853454821565,0.0,-1.0,-0.2,0.0,1.0,2.0,0.0,0.0,-0.36,1
0.4,5.0,1.0,1.948407997975196,1.0,-0.75,-0.6,0.0,3.0,2.0,0.0,2.0,0.22,1
-0.4,2.0,1.0,0.2921032649962036,0.0,-0.75,0.6,0.0,1.0,2.0,0.0,4.0,0.52,0
-0.06666666666666667,7.0,1.0,-0.08380663123259932,0.0,0.25,-0.2,0.0,3.0,1.0,0.0,4.0,-0.08,1
-0.7,4.0,0.0,-0.3042419640597316,1.0,-0.25,-0.4,1.0,2.0,3.0,0.0,4.0,-0.58,1
0.8666666666666667,4.0,1.0,1.1254416603391548,0.0,-0.5,0.2,0.0,4.0,0.0,0.0,4.0,0.64,1
0.7666666666666667,6.0,1.0,1.224743103011896,3.0,-0.5,-0.2,0.0,1.0,1.0,0.0,0.0,-0.78,1
-0.13333333333333333,3.0,1.0,0.4345229055935207,1.0,-0.5,0.2,0.0,2.0,0.0,0.0,1.0,-0.1,0
-0.23333333333333334,0.0,1.0,0.8398076436345229,0.0,0.25,-0.6,0.0,3.0,3.0,0.0,4.0,-0.16,0
0.23333333333333334,2.0,1.0,-0.990690964312832,4.0,0.75,0.6,0.0,1.0,4.0,0.0,2.0,-0.4,0
0.03333333333333333,6.0,1.0,-1.0332978992660085,0.0,0.5,1.0,0.0,1.0,2.0,0.0,4.0,-0.52,1
-1.0333333333333334,1.0,0.0,0.9254416603391546,3.0,-0.25,0.2,1.0,5.0,0.0,1.0,0.0,0.02,0
0.8333333333333334,5.0,1.0,-0.11718552265249281,2.0,-0.25,1.4,1.0,2.0,1.0,0.0,2.0,-0.76,1
-0.16666666666666666,3.0,1.0,0.5480485952923311,0.0,-0.75,-0.6,0.0,0.0,0.0,0.0,4.0,0.0,0
0.8333333333333334,2.0,1.0,-0.5655327765122753,2.0,-1.0,-0.2,0.0,0.0,4.0,0.0,1.0,-0.32,0
0.6666666666666666,4.0,1.0,1.2372563907871423,4.0,1.0,0.2,0.0,5.0,2.0,0.0,2.0,-0.88,1
-0.6333333333333333,2.0,1.0,-1.0332978992660085,0.0,-0.75,0.0,0.0,3.0,0.0,0.0,2.0,-0.24,0
0.3,0.0,1.0,-1.0332978992660085,1.0,0.75,-0.2,1.0,0.0,4.0,0.0,1.0,0.68,0
-0.9666666666666667,4.0,0.0,1.075773221969122,2.0,1.0,-0.4,0.0,0.0,1.0,1.0,2.0,-0.6,1
0.23333333333333334,0.0,1.0,-1.0332978992660085,4.0,-0.25,-0.6,0.0,4.0,3.0,0.0,4.0,-0.72,0
-0.8666666666666667,1.0,0.0,0.26655024044545694,1.0,0.75,-0.4,0.0,2.0,1.0,0.0,2.0,0.78,0
-0.8,5.0,0.0,-0.10238926853960999,1.0,1.0,-0.6,0.0,3.0,2.0,0.0,4.0,0.16,1
-0.16666666666666666,1.0,1.0,-0.5797064034421664,1.0,0.0,0.4,0.0,1.0,1.0,0.0,1.0,0.16,0
-0.7666666666666667,6.0,0.0,-0.17271070615034148,1.0,0.5,-0.6,1.0,2.0,1.0,0.0,3.0,-0.84,1
0.16666666666666666,6.0,1.0,-0.664424196405973,0.0,-0.25,-0.6,0.0,3.0,1.0,0.0,1.0,-0.54,1
0.03333333333333333,1.0,1.0,1.15013920526449,0.0,-1.0,0.0,0.0,0.0,1.0,0.0,4.0,-0.42,0
0.6333333333333333,5.0,1.0,1.3492634776006076,0.0,-0.5,0.0,0.0,4.0,2.0,0.0,0.0,-0.62,1
0.3333333333333333,1.0,1.0,-0.5415793470007592,4.0,0.0,0.6,0.0,2.0,4.0,0.0,1.0,0.78,0
0.4,5.0,1.0,0.18831181979245773,4.0,-0.5,0.0,1.0,0.0,0.0,0.0,0.0,0.58,1
-0.26666666666666666,5.0,1.0,-1.0270260693495317,4.0,0.5,-0.4,1.0,3.0,3.0,0.0,0.0,-0.38,1
-0.5666666666666667,7.0,1.0,0.79387496836244,3.0,1.0,0.6,0.0,2.0,0.0,1.0,4.0,-0.42,1
0.9,4.0,1.0,0.7740976967856241,4.0,0.25,0.0,0.0,1.0,0.0,0.0,4.0,0.76,1
0.7333333333333333,3.0,1.0,-0.24508731966590716,0.0,-1.0,-0.6,1.0,2.0,3.0,0.0,3.0,-0.62,0
0.0,5.0,1.0,-0.008073905340420054,0.0,0.5,0.0,1.0,0.0,2.0,0.0,2.0,-0.32,1
0.0,0.0,1.0,-0.09209314097696777,3.0,-0.5,1.0,1.0,2.0,3.0,0.0,1.0,0.26,0
-0.26666666666666666,5.0,1.0,-1.0332978992660085,3.0,0.0,-0.4,0.0,1.0,2.0,1.0,4.0,-0.96,1
0.3,5.0,1.0,1.152989116679322,4.0,-0.25,-0.6,1.0,4.0,0.0,0.0,1.0,0.32,1
0.6666666666666666,5.0,1.0,-0.6032447481650214,2.0,0.0,-0.6,0.0,4.0,2.0,0.0,0.0,0.76,1
0.5666666666666667,7.0,1.0,-0.5980764363452289,3.0,0.0,-0.6,0.0,0.0,4.0,0.0,2.0,-0.96,1
0.5666666666666667,4.0,1.0,-0.13511009870918747,1.0,0.25,-0.2,0.0,3.0,3.0,0.0,3.0,-0.86,1
0.8666666666666667,7.0,1.0,0.7350240445456848,0.0,0.25,0.0,1.0,0.0,4.0,0.0,1.0,-0.44,1
0.6666666666666666,6.0,1.0,-0.4698709187547455,1.0,0.75,-0.6,0.0,4.0,0.0,0.0,2.0,-0.14,1
-0.6666666666666666,7.0,0.0,-1.0332978992660085,0.0,0.75,1.0,1.0,5.0,3.0,0.0,3.0,-0.96,1
0.23333333333333334,0.0,1.0,-0.6943963553530751,0.0,1.0,0.4,0.0,5.0,0.0,1.0,1.0,0.34,0
-1.0,0.0,0.0,0.30115413819286274,3.0,0.75,0.0,0.0,2.0,4.0,0.0,2.0,-0.58,0
-0.9666666666666667,7.0,0.0,1.64178688939509,3.0,-0.75,0.6,0.0,1.0,0.0,0.0,4.0,-0.72,1
0.5666666666666667,4.0,1.0,-0.9775550493545937,1.0,-1.0,-0.6,0.0,2.0,3.0,0.0,1.0,-0.6,1
0.16666666666666666,1.0,1.0,-1.0053302961275625,0.0,-0.75,-0.2,0.0,5.0,3.0,0.0,2.0,0.98,0
0.5666666666666667,3.0,1.0,-1.0332978992660085,1.0,-0.75,0.2,0.0,4.0,0.0,0.0,3.0,0.4,0
0.8,4.0,1.0,-1.0332978992660085,2.0,-0.5,0.6,0.0,2.0,3.0,1.0,2.0,-0.08,1
-0.5,7.0,1.0,0.8945887117185524,1.0,0.5,0.4,0.0,0.0,3.0,0.0,4.0,0.2,1
0.9,5.0,1.0,1.1140217666413565,4.0,-0.75,-0.6,0.0,1.0,0.0,1.0,1.0,0.9,1
0.5666666666666667,2.0,1.0,0.11407238673753499,1.0,-1.0,1.0,0.0,0.0,4.0,0.0,1.0,0.16,0
-1.0,3.0,0.0,-0.3760313844596303,4.0,0.25,-0.6,0.0,1.0,3.0,0.0,1.0,0.56,0
-1.0,3.0,0.0,1.3391242723361176,4.0,1.0,0.6,0.0,4.0,3.0,0.0,4.0,-0.94,0
-0.13333333333333333,0.0,1.0,0.11115160718805385,4.0,-0.5,1.4,0.0,2.0,3.0,0.0,3.0,0.56,0
0.7333333333333333,3.0,1.0,0.8063173880030373,2.0,0.25,-0.6,0.0,1.0,3.0,0.0,1.0,-0.9,0
-0.3,7.0,1.0,-0.41303467476588196,1.0,-0.5,0.4,0.0,0.0,0.0,0.0,3.0,-0.02,1
0.16666666666666666,5.0,1.0,0.012700582131106123,1.0,-1.0,-0.6,0.0,2.0,4.0,0.0,2.0,0.26,1
0.0,5.0,1.0,-0.9604100227790432,2.0,0.0,-0.2,1.0,2.0,4.0,0.0,3.0,-0.86,1
0.03333333333333333,6.0,1.0,0.4568919260946597,0.0,-0.25,0.0,0.0,0.0,2.0,1.0,3.0,0.6,1
-1.0333333333333334,5.0,0.0,0.1240850417615794,3.0,0.5,0.0,0.0,5.0,3.0,0.0,1.0,-0.14,1
-0.43333333333333335,4.0,1.0,-0.700136674259681,1.0,0.25,1.0,0.0,1.0,3.0,0.0,0.0,-0.1,1
-1.0,5.0,0.0,-0.6899215388509238,3.0,0.5,0.2,0.0,0.0,2.0,0.0,0.0,0.3,1
0.7,0.0,1.0,1.2061047835990888,2.0,0.0,-0.2,0.0,4.0,4.0,0.0,4.0,-0.56,0
0.4,5.0,1.0,1.4761933687674007,0.0,-0.25,0.6,1.0,3.0,1.0,0.0,4.0,0.8,1
-0.2,6.0,1.0,-0.18272842318400384,0.0,0.5,1.4,0.0,0.0,1.0,1.0,0.0,-0.84,1
0.0,2.0,1.0,0.030549228043533466,0.0,0.5,-0.6,1.0,2.0,4.0,0.0,2.0,0.42,0
-0.8666666666666667,7.0,0.0,0.2829106555302457,2.0,0.25,1.4,1.0,2.0,3.0,0.0,1.0,0.5,1
0.0,0.0,1.0,0.09150594786130116,4.0,0.75,-0.6,0.0,0.0,1.0,0.0,1.0,-0.08,0
0.7666666666666667,4.0,1.0,-1.0332978992660085,4.0,-0.25,0.6,0.0,3.0,0.0,0.0,2.0,-0.34,1
-0.9333333333333333,2.0,0.0,0.3039888635788409,3.0,0.0,-0.6,0.0,0.0,0.0,0.0,2.0,0.04,0
0.7666666666666667,0.0,1.0,-1.0332978992660085,4.0,-0.25,-0.6,0.0,3.0,2.0,0.0,0.0,0.7,0
-0.7,1.0,0.0,-0.5772260187294355,4.0,-1.0,-0.2,1.0,3.0,4.0,0.0,4.0,0.58,0
0.8,3.0,1.0,0.36287522146292084,0.0,0.75,0.2,0.0,4.0,4.0,0.0,2.0,0.38,0
0.9,1.0,1.0,0.43467982789167303,0.0,-1.0,-0.4,0.0,1.0,1.0,0.0,4.0,-0.72,0
-0.5,5.0,1.0,-0.6359858263730699,3.0,0.0,-0.6,0.0,2.0,3.0,0.0,3.0,0.02,1
0.2,2.0,1.0,-0.3689901290812452,1.0,0.25,0.0,0.0,2.0,4.0,0.0,1.0,-0.24,0
-0.26666666666666666,5.0,1.0,-0.47179448240951644,3.0,0.25,1.0,0.0,3.0,1.0,1.0,0.0,0.96,1
-0.9,3.0,0.0,-0.0989875980764362,3.0,0.0,-0.4,0.0,2.0,1.0,0.0,1.0,-0.64,0
0.6666666666666666,0.0,1.0,-0.04124019235636538,2.0,-0.5,-0.6,1.0,5.0,4.0,1.0,0.0,0.72,0
0.06666666666666667,3.0,1.0,0.4866717286762845,2.0,0.0,-0.2,0.0,3.0,1.0,0.0,3.0,0.34,0
-0.8666666666666667,6.0,0.0,-0.41337889141989353,3.0,0.75,-0.6,0.0,2.0,2.0,0.0,1.0,-0.14,1
-0.3333333333333333,3.0,1.0,0.2626221209820301,3.0,-0.75,0.6,1.0,5.0,2.0,0.0,3.0,-0.92,0
-0.7,6.0,0.0,0.36407997975196166,3.0,0.25,0.6,1.0,4.0,4.0,0.0,0.0,0.8,1
0.5333333333333333,3.0,1.0,0.12966337636041514,4.0,1.0,0.0,0.0,2.0,3.0,0.0,2.0,0.34,0
-0.5333333333333333,7.0,1.0,-0.21801569222981504,2.0,0.75,-0.4,0.0,5.0,2.0,0.0,1.0,-0.06,1
0.03333333333333333,6.0,1.0,0.11626929891166796,3.0,0.75,0.4,1.0,0.0,2.0,0.0,3.0,-0.26,1
-0.7666666666666667,2.0,0.0,0.5499012908124528,0.0,0.75,0.0,0.0,1.0,4.0,0.0,1.0,-1.0,0
0.9333333333333333,5.0,1.0,0.6162996709693751,0.0,0.5,0.6,0.0,0.0,0.0,0.0,1.0,-0.26,1
0.9,4.0,1.0,1.3575196152872693,4.0,0.75,0.2,0.0,5.0,1.0,0.0,1.0,-0.62,1
-0.8666666666666667,5.0,0.0,-0.7726246519868386,4.0,0.25,0.4,0.0,3.0,2.0,0.0,4.0,-0.24,1
-0.5333333333333333,1.0,1.0,-0.3549936724879776,1.0,-0.75,0.0,0.0,3.0,0.0,1.0,3.0,0.98,0
-0.1,5.0,1.0,-1.0332978992660085,1.0,-0.75,-0.2,0.0,2.0,3.0,0.0,3.0,0.6,1
-0.9666666666666667,0.0,0.0,0.6860187294355862,1.0,0.75,1.4,0.0,0.0,0.0,0.0,1.0,0.04,0
-0.4,7.0,1.0,-0.2748873702860034,4.0,-1.0,0.0,0.0,3.0,4.0,0.0,2.0,-0.8,1
0.9333333333333333,3.0,1.0,0.13566691976714768,4.0,0.25,0.2,0.0,3.0,3.0,0.0,1.0,0.58,0
0.9,1.0,1.0,-0.47977220956719807,4.0,0.25,-0.6,1.0,0.0,3.0,0.0,4.0,-0.3,0
0.13333333333333333,0.0,1.0,-0.268964819033156,0.0,-0.25,0.2,0.0,4.0,0.0,0.0,0.0,-0.28,0
-0.43333333333333335,0.0,1.0,0.9078764869653253,4.0,-0.5,0.0,0.0,3.0,4.0,0.0,4.0,-0.74,0
-0.2,6.0,1.0,0.5062363958491521,0.0,-0.5,-0.6,0.0,1.0,2.0,0.0,2.0,-0.9,1
-0.9666666666666667,5.0,0.0,-0.10557327258921789,1.0,-1.0,-0.6,0.0,5.0,0.0,0.0,1.0,0.52,1
-0.43333333333333335,2.0,1.0,0.5621057960010124,1.0,-0.5,0.2,0.0,2.0,2.0,0.0,3.0,-0.04,0
-0.4,4.0,1.0,0.5788762338648444,1.0,-0.25,0.4,0.0,3.0,0.0,0.0,1.0,0.26,1
0.0,2.0,1.0,-0.31810680840293587,3.0,0.0,0.0,0.0,1.0,2.0,0.0,2.0,0.3,0
-0.8333333333333334,1.0,0.0,-1.0332978992660085,3.0,-0.5,-0.6,0.0,1.0,0.0,0.0,3.0,0.98,0
0.6666666666666666,7.0,1.0,-0.7036294608959756,2.0,0.25,0.2,0.0,3.0,3.0,0.0,4.0,-0.16,1
0.3,2.0,1.0,-1.0332978992660085,2.0,0.0,-0.6,0.0,4.0,1.0,1.0,0.0,-0.42,0
0.03333333333333333,3.0,1.0,0.8632599341938749,2.0,-0.5,-0.2,0.0,5.0,3.0,0.0,0.0,-0.18,0
0.26666666666666666,2.0,1.0,0.9951354087572768,3.0,0.25,-0.6,0.0,2.0,2.0,0.0,1.0,0.5,0
0.23333333333333334,1.0,1.0,1.1836395849152117,3.0,0.25,-0.6,1.0,3.0,4.0,0.0,4.0,-0.08,0
-0.4666666666666667,4.0,1.0,-1.0332978992660085,2.0,0.75,-0.6,0.0,2.0,3.0,0.0,2.0,0.6,1
0.26666666666666666,2.0,1.0,0.7926195899772213,2.0,-0.75,-0.4,0.0,0.0,1.0,1.0,0.0,0.58,0
-1.0333333333333334,3.0,0.0,1.6588256137686663,4.0,-1.0,-0.6,0.0,1.0,2.0,0.0,4.0,0.58,0
-0.7,6.0,0.0,0.8234371045304986,2.0,-0.25,-0.4,0.0,1.0,3.0,0.0,1.0,0.18,1
-0.13333333333333333,7.0,1.0,-1.0332978992660085,4.0,0.5,0.0,0.0,3.0,0.0,0.0,3.0,0.46,1
0.8333333333333334,1.0,1.0,1.3217767653758543,0.0,-0.5,-0.2,0.0,3.0,4.0,0.0,1.0,0.64,0
-0.23333333333333334,6.0,1.0,0.010756770437864062,3.0,-0.5,-0.4,0.0,0.0,2.0,0.0,1.0,-0.84,1
0.6,6.0,1.0,-0.19735763097949868,2.0,0.0,0.6,0.0,4.0,3.0,0.0,4.0,-0.46,1
-0.3,6.0,1.0,0.3216198430777019,3.0,0.0,-0.6,0.0,3.0,2.0,0.0,0.0,-0.08,1
-0.03333333333333333,0.0,1.0,-0.8174082510756769,3.0,-0.5,0.0,0.0,1.0,0.0,0.0,4.0,0.92,0
-0.06666666666666667,7.0,1.0,-0.01878511769172345,3.0,1.0,-0.6,0.0,2.0,1.0,0.0,3.0,0.58,1
0.3333333333333333,4.0,1.0,1.2094963300430275,0.0,-0.25,-0.6,0.0,5.0,3.0,0.0,4.0,0.2,1
0.1,5.0,1.0,0.4516932422171603,1.0,-0.5,0.0,0.0,2.0,2.0,1.0,2.0,-0.78,1
-0.8333333333333334,7.0,0.0,0.023447228549734328,2.0,-0.75,0.0,1.0,4.0,2.0,0.0,1.0,-0.16,1
0.9333333333333333,0.0,1.0,0.04714249557074164,1.0,1.0,0.6,0.0,5.0,2.0,0.0,0.0,-0.1,0
-0.5333333333333333,5.0,1.0,-0.9179296380663122,1.0,-0.25,0.0,0.0,2.0,1.0,0.0,3.0,0.24,1
-0.2,7.0,1.0,-0.13478106808402923,1.0,-0.5,1.4,0.0,2.0,2.0,0.0,1.0,0.78,1
0.5333333333333333,6.0,1.0,-1.0332978992660085,3.0,0.5,-0.6,0.0,0.0,4.0,0.0,4.0,0.02,1
0.8333333333333334,1.0,1.0,0.7554441913439636,4.0,0.75,-0.6,0.0,4.0,4.0,0.0,2.0,0.76,0
0.6666666666666666,5.0,1.0,-1.0332978992660085,3.0,-0.75,-0.6,0.0,1.0,2.0,0.0,4.0,0.8,1
0.9333333333333333,3.0,1.0,0.6282308276385726,3.0,0.5,-0.6,1.0,0.0,4.0,0.0,1.0,0.5,0
0.5666666666666667,3.0,1.0,0.7227739812705645,1.0,0.0,0.0,0.0,5.0,3.0,0.0,3.0,0.48,0
-1.0,2.0,0.0,0.980445456846368,3.0,0.0,0.2,0.0,1.0,4.0,0.0,0.0,-0.16,0
-1.0333333333333334,5.0,0.0,0.045056947608200566,1.0,-0.5,-0.6,0.0,0.0,2.0,0.0,1.0,-0.48,1
0.5333333333333333,1.0,1.0,0.6750999746899521,4.0,0.0,1.0,0.0,4.0,0.0,1.0,3.0,-1.0,0
-0.6666666666666666,4.0,0.0,-0.14219185016451513,2.0,-0.75,0.6,0.0,3.0,3.0,0.0,1.0,0.98,1
-0.9,0.0,0.0,-0.9219589977220956,1.0,-0.25,-0.6,1.0,3.0,1.0,0.0,2.0,0.1,0
0.16666666666666666,6.0,1.0,1.1413920526449004,4.0,0.25,-0.6,0.0,5.0,2.0,0.0,4.0,0.1,1
0.0,2.0,1.0,-0.09446216147810664,2.0,-1.0,-0.6,0.0,3.0,1.0,0.0,0.0,-0.36,0
0.9,3.0,1.0,-1.0332978992660085,0.0,-0.25,-0.6,0.0,0.0,0.0,0.0,3.0,0.7,0
0.7666666666666667,0.0,1.0,-0.3753480131612249,1.0,0.25,-0.6,0.0,5.0,1.0,0.0,0.0,0.12,0
-0.7666666666666667,0.0,0.0,-0.34536573019488725,1.0,1.0,0.0,0.0,1.0,2.0,0.0,0.0,0.0,0
0.3,6.0,1.0,0.32967350037965093,0.0,-0.75,-0.6,0.0,4.0,2.0,0.0,0.0,-0.46,1
0.1,4.0,1.0,1.7612199443178942,0.0,0.5,-0.4,0.0,5.0,0.0,0.0,3.0,-0.34,1
-0.43333333333333335,4.0,1.0,0.37577828397873975,1.0,0.25,1.4,0.0,1.0,2.0,0.0,3.0,0.46,1
0.5333333333333333,5.0,1.0,0.13616299670969387,0.0,-0.75,0.2,0.0,5.0,0.0,0.0,0.0,-0.08,1
-0.5333333333333333,3.0,1.0,1.8437762591748925,3.0,0.75,1.0,0.0,2.0,0.0,0.0,4.0,-0.38,0
-0.9666666666666667,4.0,0.0,0.7223791445203748,2.0,0.5,-0.6,0.0,2.0,2.0,0.0,1.0,0.46,1
-0.4,1.0,1.0,0.17215388509238175,2.0,0.0,-0.4,0.0,5.0,4.0,0.0,0.0,0.42,0
-0.26666666666666666,4.0,1.0,-0.3849152113389014,2.0,0.0,0.0,0.0,3.0,0.0,0.0,2.0,0.52,1
0.7333333333333333,0.0,1.0,0.2191951404707671,3.0,0.5,-0.6,0.0,2.0,2.0,0.0,0.0,-0.86,0
0.8,6.0,1.0,-0.07130852948620597,0.0,1.0,-0.6,0.0,4.0,4.0,0.0,3.0,-0.08,1
0.03333333333333333,1.0,1.0,0.048529486206023965,4.0,1.0,0.2,0.0,1.0,0.0,0.0,1.0,0.3,0
-0.26666666666666666,5.0,1.0,0.9771298405466974,0.0,1.0,0.2,1.0,0.0,4.0,1.0,2.0,0.82,1
0.6666666666666666,3.0,1.0,-0.4311617312072892,1.0,0.25,-0.2,1.0,2.0,3.0,0.0,1.0,0.62,0
-0.7,5.0,0.0,0.3690356871678057,2.0,0.25,-0.2,0.0,5.0,3.0,0.0,1.0,-0.32,1
0.5666666666666667,0.0,1.0,0.6996355353075171,0.0,-0.5,-0.2,0.0,3.0,4.0,0.0,2.0,0.88,0
-0.8,1.0,0.0,-0.5236395849152112,4.0,-1.0,-0.6,0.0,0.0,0.0,0.0,0.0,0.38,0
0.13333333333333333,1.0,1.0,-0.645512528473804,1.0,0.5,-0.4,0.0,1.0,2.0,0.0,0.0,0.8,0
0.2,1.0,1.0,-0.1350493545937737,3.0,-0.25,-0.6,0.0,1.0,1.0,0.0,0.0,-0.16,0
0.26666666666666666,0.0,1.0,-0.37140976967856226,3.0,-1.0,-0.6,1.0,2.0,2.0,0.0,4.0,0.6,0
-0.4,0.0,1.0,0.8540723867375349,4.0,0.75,1.4,0.0,1.0,1.0,0.0,0.0,0.16,0
0.1,5.0,1.0,-0.7815388509238167,1.0,0.25,0.0,0.0,1.0,1.0,0.0,2.0,0.22,1
0.5333333333333333,2.0,1.0,0.031095925082257805,2.0,0.25,0.4,0.0,3.0,0.0,0.0,4.0,-0.94,0
-0.23333333333333334,5.0,1.0,1.9123209314097696,0.0,-0.75,-0.4,0.0,3.0,4.0,0.0,0.0,0.7,1
0.1,3.0,1.0,0.29273601619843087,1.0,-1.0,-0.4,0.0,3.0,2.0,0.0,4.0,0.68,0
-0.23333333333333334,6.0,1.0,0.4189622880283474,3.0,-0.75,-0.6,0.0,5.0,4.0,0.0,2.0,0.76,1
-0.1,1.0,1.0,0.8604100227790437,4.0,-0.25,-0.6,0.0,1.0,3.0,0.0,0.0,0.48,0
-0.4666666666666667,2.0,1.0,-0.3724120475828903,4.0,-0.75,-0.6,0.0,1.0,0.0,0.0,3.0,-0.24,0
0.4666666666666667,6.0,1.0,-0.8420197418375094,0.0,-1.0,0.4,0.0,1.0,0.0,0.0,2.0,-0.66,1
-0.4666666666666667,2.0,1.0,0.11313085294862073,4.0,0.5,0.2,0.0,4.0,3.0,0.0,1.0,-0.1,0
-1.0,4.0,0.0,0.18062768919260966,4.0,0.75,0.0,1.0,3.0,2.0,0.0,1.0,0.26,1
0.7333333333333333,4.0,1.0,-1.0332978992660085,1.0,0.25,-0.2,0.0,0.0,3.0,0.0,2.0,0.3,1
0.1,7.0,1.0,0.26389774740572025,2.0,-0.25,1.0,1.0,2.0,2.0,1.0,1.0,0.78,1
-0.5333333333333333,4.0,1.0,0.7914452037458871,0.0,0.25,-0.6,0.0,0.0,1.0,0.0,2.0,-0.68,1
0.3,5.0,1.0,-0.7140976967856238,1.0,-0.5,-0.6,0.0,5.0,0.0,0.0,3.0,-0.04,1
0.13333333333333333,4.0,1.0,0.30982029865856753,2.0,0.75,-0.4,0.0,5.0,2.0,0.0,2.0,-0.44,1
0.03333333333333333,0.0,1.0,0.6566033915464441,1.0,-0.75,0.4,0.0,1.0,4.0,0.0,0.0,0.28,0
-0.9333333333333333,1.0,0.0,0.42457099468489,1.0,0.0,1.4,1.0,0.0,4.0,0.0,0.0,-0.94,0
0.03333333333333333,5.0,1.0,0.4961933687674009,4.0,-1.0,-0.6,0.0,1.0,0.0,0.0,4.0,0.82,1
-0.6,6.0,1.0,-0.20677296886864063,2.0,0.25,0.6,0.0,4.0,3.0,0.0,1.0,0.9,1
-0.36666666666666664,7.0,1.0,-0.8770134143254871,0.0,-0.75,0.6,0.0,5.0,3.0,0.0,1.0,-0.2,1
0.5333333333333333,7.0,1.0,-0.36041508478866097,0.0,-0.25,-0.6,1.0,5.0,2.0,1.0,2.0,0.64,1
-0.4,7.0,1.0,-0.4658921791951403,2.0,0.25,-0.4,0.0,0.0,3.0,0.0,1.0,0.84,1
0.8,6.0,1.0,-0.08183750949126783,4.0,0.75,-0.2,1.0,5.0,0.0,0.0,0.0,-0.94,1
-0.8,6.0,0.0,0.8092280435332828,3.0,0.75,1.4,1.0,4.0,2.0,0.0,3.0,-0.04,1
-0.8333333333333334,6.0,0.0,-1.0169779802581624,1.0,0.25,-0.6,0.0,4.0,1.0,0.0,2.0,0.66,1
-0.9666666666666667,6.0,0.0,0.08863578840799816,4.0,-0.25,0.4,0.0,4.0,3.0,0.0,1.0,0.12,1
-0.5,7.0,1.0,-0.8283371298405465,2.0,0.75,-0.4,0.0,2.0,3.0,0.0,0.0,0.54,1
0.03333333333333333,7.0,1.0,-0.5828144773475068,1.0,0.75,0.4,1.0,4.0,2.0,0.0,4.0,0.64,1
0.5333333333333333,2.0,1.0,0.40335611237661373,0.0,-1.0,-0.2,0.0,4.0,4.0,0.0,1.0,-0.88,0
-0.6666666666666666,5.0,0.0,-0.9244241964059731,3.0,-0.25,0.0,0.0,2.0,3.0,0.0,3.0,-0.42,1
0.9,1.0,1.0,0.5366185775752975,0.0,-0.25,0.6,0.0,1.0,0.0,0.0,3.0,-0.8,0
0.6333333333333333,4.0,1.0,-1.0332978992660085,2.0,0.5,0.6,0.0,3.0,3.0,0.0,1.0,-0.62,1
-0.3333333333333333,4.0,1.0,0.48554290053151106,1.0,0.5,0.6,0.0,5.0,1.0,0.0,1.0,0.84,1
0.7666666666666667,0.0,1.0,-1.0332978992660085,2.0,0.75,-0.6,0.0,4.0,3.0,0.0,0.0,0.2,0
-0.3333333333333333,7.0,1.0,-0.4900025310048088,1.0,0.0,0.2,0.0,5.0,4.0,0.0,1.0,0.78,1
0.4666666666666667,0.0,1.0,1.4191141483168819,4.0,0.5,-0.6,0.0,0.0,3.0,0.0,4.0,0.76,0
-0.06666666666666667,5.0,1.0,1.276405973171349,3.0,0.75,-0.2,0.0,5.0,2.0,0.0,0.0,-0.38,1
0.2,5.0,1.0,-0.33412806884333063,4.0,1.0,0.0,0.0,1.0,3.0,0.0,2.0,-0.52,1
0.2,0.0,1.0,0.2752012148823084,4.0,-0.5,-0.2,0.0,2.0,4.0,0.0,4.0,0.76,0
0.43333333333333335,7.0,1.0,0.8933535813718049,2.0,-0.5,0.0,0.0,5.0,2.0,0.0,0.0,0.96,1
0.6333333333333333,0.0,1.0,0.496411035180967,3.0,-0.25,1.4,1.0,5.0,0.0,0.0,0.0,-0.24,0
0.7333333333333333,4.0,1.0,-0.2285396102252592,1.0,0.0,-0.6,0.0,5.0,2.0,0.0,3.0,0.26,1
-0.8,2.0,0.0,-0.5893343457352568,1.0,-1.0,0.2,0.0,3.0,1.0,0.0,0.0,0.14,0
-0.16666666666666666,4.0,1.0,0.6382536066818528,0.0,0.5,-0.4,0.0,3.0,2.0,0.0,4.0,-0.74,1
-0.16666666666666666,3.0,1.0,0.8376461655277148,1.0,1.0,-0.6,0.0,0.0,0.0,0.0,1.0,-1.02,0
0.06666666666666667,7.0,1.0,1.2818375094912682,2.0,0.75,-0.6,0.0,2.0,3.0,1.0,4.0,-0.82,1
-0.36666666666666664,7.0,1.0,-1.0332978992660085,4.0,0.0,1.0,0.0,5.0,2.0,0.0,2.0,0.06,1
-0.06666666666666667,1.0,1.0,-0.9723968615540368,4.0,-0.25,0.6,0.0,5.0,2.0,0.0,0.0,-1.0,0
0.03333333333333333,6.0,1.0,0.8613566185775756,4.0,0.5,1.0,0.0,5.0,2.0,0.0,0.0,0.26,1
-0.13333333333333333,3.0,1.0,-1.0332978992660085,3.0,0.0,1.4,0.0,5.0,2.0,0.0,0.0,0.86,0
0.5,5.0,1.0,0.9195342951151607,1.0,0.5,-0.6,1.0,3.0,0.0,0.0,0.0,-0.16,1
0.03333333333333333,7.0,1.0,-0.1840951657808149,2.0,-1.0,-0.4,0.0,1.0,4.0,0.0,3.0,-0.72,1
-0.9,0.0,0.0,-0.4164262212098201,3.0,-1.0,0.2,1.0,1.0,4.0,0.0,3.0,-0.6,0
0.9333333333333333,3.0,1.0,0.13508478866109852,0.0,-0.5,-0.2,0.0,0.0,2.0,0.0,1.0,-0.68,0
0.5333333333333333,1.0,1.0,-1.0332978992660085,2.0,-0.75,-0.2,0.0,4.0,0.0,0.0,0.0,-0.1,0
-0.43333333333333335,5.0,1.0,0.6047785370792206,2.0,-0.75,-0.4,0.0,2.0,0.0,0.0,2.0,0.58,1
-0.9333333333333333,6.0,0.0,1.2620501138952165,2.0,0.5,0.0,0.0,1.0,2.0,1.0,1.0,-0.44,1
0.1,6.0,1.0,0.6401316122500634,4.0,-0.75,0.0,0.0,5.0,1.0,0.0,0.0,-0.84,1
0.5666666666666667,1.0,1.0,-0.2080688433308023,2.0,-0.25,-0.6,0.0,1.0,2.0,0.0,3.0,0.94,0
-0.5,1.0,1.0,-1.0332978992660085,1.0,-0.75,-0.2,0.0,0.0,1.0,0.0,2.0,0.12,0
0.4,0.0,1.0,-1.0332978992660085,2.0,0.25,0.0,0.0,4.0,2.0,0.0,1.0,0.2,0
-0.13333333333333333,7.0,1.0,-1.0304935459377371,4.0,0.75,0.0,0.0,1.0,1.0,1.0,2.0,0.66,1
-0.06666666666666667,6.0,1.0,-0.030220197418375002,2.0,-0.25,-0.6,0.0,0.0,1.0,0.0,0.0,0.56,1
-0.1,5.0,1.0,0.06520880789673508,0.0,0.0,0.4,0.0,3.0,2.0,0.0,4.0,-0.92,1
0.4666666666666667,3.0,1.0,0.6385168311819794,0.0,-0.25,-0.6,0.0,4.0,1.0,0.0,2.0,0.3,0
0.7,5.0,1.0,-1.0332978992660085,4.0,-0.5,-0.4,0.0,0.0,3.0,0.0,2.0,-0.22,1
-0.8666666666666667,2.0,0.0,0.9747101999493799,1.0,0.0,0.4,0.0,1.0,4.0,0.0,3.0,-0.18,0
0.1,2.0,1.0,0.5063680080992156,1.0,1.0,0.0,0.0,3.0,0.0,0.0,0.0,0.66,0
0.9333333333333333,1.0,1.0,-0.2690609972158946,3.0,0.75,-0.6,1.0,0.0,1.0,1.0,2.0,0.5,0
0.3,0.0,1.0,-0.924282460136674,4.0,0.75,0.2,0.0,0.0,1.0,1.0,0.0,-0.68,0
0.16666666666666666,2.0,1.0,0.9275778283978741,2.0,0.75,0.0,0.0,1.0,0.0,1.0,3.0,0.12,0
-0.26666666666666666,6.0,1.0,-0.2487572766388254,4.0,0.75,0.4,0.0,4.0,1.0,0.0,0.0,0.16,1
-0.1,5.0,1.0,-0.036097190584662084,3.0,0.5,0.4,0.0,3.0,0.0,0.0,3.0,0.72,1
0.5666666666666667,5.0,1.0,0.2703821817261454,4.0,0.75,0.2,0.0,5.0,2.0,0.0,3.0,-0.5,1
0.4666666666666667,1.0,1.0,-0.7142900531511008,4.0,0.75,-0.2,0.0,2.0,3.0,0.0,1.0,0.32,0
0.7,7.0,1.0,-0.23515565679574776,3.0,0.75,-0.6,0.0,4.0,3.0,0.0,0.0,-0.6,1
-0.03333333333333333,7.0,1.0,0.6361427486712227,1.0,0.5,-0.6,0.0,3.0,4.0,0.0,4.0,-0.56,1
0.1,3.0,1.0,0.5592811946342698,2.0,-1.0,-0.2,0.0,0.0,1.0,0.0,1.0,-0.24,0
0.9333333333333333,1.0,1.0,0.5661250316375601,3.0,-0.25,0.0,0.0,3.0,4.0,0.0,3.0,0.44,0
0.03333333333333333,4.0,1.0,-0.8980258162490508,0.0,-0.25,0.0,1.0,2.0,2.0,1.0,4.0,0.28,1
0.6666666666666666,3.0,1.0,-0.20053151100987074,1.0,0.0,-0.6,0.0,1.0,3.0,0.0,2.0,-0.24,0
-0.36666666666666664,4.0,1.0,-0.3218780055682104,0.0,0.25,-0.6,0.0,2.0,2.0,1.0,2.0,-0.92,1
0.0,7.0,1.0,0.30194381169324236,1.0,-0.25,-0.2,0.0,5.0,2.0,0.0,1.0,-0.68,1
-0.3,1.0,1.0,0.23397114654517845,2.0,-0.75,-0.6,1.0,5.0,1.0,0.0,4.0,0.58,0
0.03333333333333333,4.0,1.0,0.09711971652746147,2.0,0.25,0.4,0.0,2.0,2.0,0.0,0.0,0.7,1
-0.9666666666666667,1.0,0.0,1.8513389015439132,4.0,0.75,-0.6,0.0,4.0,3.0,0.0,4.0,-0.44,0
-0.4666666666666667,1.0,1.0,-0.24170589724120464,0.0,0.75,0.0,0.0,4.0,4.0,1.0,1.0,-0.62,0
-0.23333333333333334,7.0,1.0,-0.33055429005315096,1.0,0.5,1.0,0.0,0.0,3.0,0.0,0.0,0.2,1
0.3333333333333333,3.0,1.0,-0.899215388509238,2.0,0.25,-0.6,1.0,5.0,1.0,0.0,0.0,-0.84,0
-0.03333333333333333,3.0,1.0,-1.0332978992660085,3.0,-0.75,-0.2,0.0,0.0,3.0,0.0,2.0,-0.78,0
0.7333333333333333,1.0,1.0,-0.9474867122247531,2.0,0.5,-0.6,0.0,5.0,0.0,0.0,4.0,0.48,0
0.8666666666666667,2.0,1.0,-0.5665907365223992,3.0,0.0,0.2,0.0,2.0,4.0,0.0,0.0,-0.86,0
-0.9666666666666667,0.0,0.0,0.973844596304733,1.0,0.25,0.0,1.0,4.0,0.0,1.0,1.0,0.32,0
0.26666666666666666,7.0,1.0,0.008843330802328653,2.0,0.75,-0.2,0.0,4.0,0.0,0.0,2.0,-0.26,1
0.4666666666666667,0.0,1.0,0.12590230321437623,2.0,0.75,0.0,0.0,2.0,1.0,0.0,0.0,-0.56,0
-0.26666666666666666,0.0,1.0,-0.09399645659326733,1.0,-0.5,0.6,0.0,0.0,2.0,0.0,4.0,-0.36,0
0.6,3.0,1.0,0.2564768413059985,2.0,0.5,-0.6,1.0,0.0,0.0,0.0,2.0,0.18,0
0.0,3.0,1.0,1.043700329030625,3.0,-1.0,-0.6,0.0,3.0,3.0,0.0,4.0,-0.22,0
0.5,2.0,1.0,-1.0332978992660085,2.0,-1.0,0.6,0.0,5.0,2.0,1.0,4.0,-0.94,0
-0.3333333333333333,0.0,1.0,0.9041913439635537,0.0,0.5,0.0,0.0,0.0,3.0,0.0,4.0,0.54,0
-0.3,0.0,1.0,-1.0332978992660085,4.0,1.0,0.6,0.0,2.0,3.0,0.0,2.0,-0.04,0
-1.0,1.0,0.0,0.0005163249810176849,3.0,0.5,0.0,0.0,0.0,2.0,0.0,0.0,-0.96,0
-0.16666666666666666,3.0,1.0,1.6434219185016452,0.0,0.0,0.6,0.0,4.0,2.0,0.0,3.0,-0.02,0
0.3333333333333333,0.0,1.0,0.4959301442672741,1.0,0.75,-0.2,1.0,5.0,3.0,0.0,0.0,0.0,0
-1.0,5.0,0.0,0.26236902050113914,3.0,-0.75,0.4,0.0,1.0,1.0,0.0,2.0,-0.26,1
-0.2,2.0,1.0,1.4991850164515315,4.0,1.0,1.0,1.0,3.0,4.0,0.0,3.0,-0.88,0
-0.5,4.0,1.0,-0.554730447987851,4.0,0.25,0.0,0.0,5.0,4.0,0.0,3.0,-0.14,1
0.26666666666666666,5.0,1.0,0.30861554036952676,1.0,1.0,-0.6,0.0,4.0,1.0,0.0,3.0,0.72,1
0.03333333333333333,5.0,1.0,0.41807137433561126,1.0,-0.75,-0.6,0.0,4.0,2.0,0.0,1.0,-0.48,1
-0.7666666666666667,4.0,0.0,-0.4175550493545936,3.0,-0.5,-0.6,1.0,4.0,3.0,0.0,2.0,-0.5,1
0.36666666666666664,7.0,1.0,-0.35051885598582627,2.0,0.75,-0.6,0.0,4.0,4.0,0.0,1.0,0.26,1
0.7333333333333333,7.0,1.0,-0.4337889141989369,1.0,-1.0,-0.4,0.0,2.0,3.0,0.0,3.0,-0.36,1
0.5333333333333333,2.0,1.0,0.04540116426221213,2.0,0.5,0.0,1.0,3.0,1.0,0.0,1.0,0.58,0
0.23333333333333334,5.0,1.0,0.39420906099721603,0.0,0.5,0.0,1.0,1.0,3.0,0.0,1.0,0.98,1
-0.1,0.0,1.0,0.07267527208301704,4.0,-1.0,-0.2,1.0,4.0,1.0,0.0,2.0,0.2,0
0.3333333333333333,3.0,1.0,0.5177980258162492,2.0,1.0,0.2,0.0,4.0,2.0,1.0,4.0,0.2,0
0.7666666666666667,2.0,1.0,-1.0332978992660085,4.0,0.75,-0.6,0.0,0.0,1.0,0.0,1.0,-0.28,0
-0.2,1.0,1.0,-0.18661604657048841,2.0,-0.25,-0.6,0.0,3.0,1.0,0.0,1.0,-0.52,0
0.1,4.0,1.0,-0.7979802581624904,0.0,0.0,-0.6,1.0,5.0,4.0,1.0,3.0,-0.56,1
0.6,5.0,1.0,0.2082004555808657,1.0,-0.75,0.0,0.0,3.0,3.0,0.0,3.0,-0.26,1
-0.23333333333333334,2.0,1.0,0.1969627942293092,0.0,1.0,-0.6,0.0,3.0,4.0,0.0,3.0,-0.62,0
-0.26666666666666666,6.0,1.0,-0.10868640850417595,1.0,0.25,-0.6,0.0,1.0,0.0,0.0,0.0,0.84,1
-0.6333333333333333,6.0,1.0,0.36656036446469265,1.0,-0.5,-0.2,0.0,3.0,1.0,0.0,1.0,-0.1,1
0.9333333333333333,7.0,1.0,0.7367451278157429,4.0,0.5,0.6,1.0,1.0,0.0,0.0,3.0,-0.08,1
0.8666666666666667,4.0,1.0,-0.0668488990129081,0.0,1.0,-0.6,1.0,4.0,4.0,0.0,2.0,-0.78,1
-0.8333333333333334,3.0,0.0,-0.8194482409516577,2.0,-0.5,0.2,1.0,4.0,3.0,0.0,0.0,0.98,0
0.8333333333333334,0.0,1.0,-1.0332978992660085,0.0,-0.75,0.2,0.0,2.0,4.0,1.0,4.0,-0.98,0
0.13333333333333333,3.0,1.0,0.006524930397367921,4.0,0.5,0.4,1.0,1.0,3.0,0.0,1.0,-0.4,0
0.43333333333333335,3.0,1.0,0.16275373323209336,1.0,0.5,1.0,0.0,1.0,3.0,0.0,1.0,-0.34,0
-0.4,3.0,1.0,-0.7570589724120474,4.0,-0.25,-0.6,0.0,5.0,2.0,0.0,2.0,-0.66,0
-1.0333333333333334,4.0,0.0,0.5301797013414328,3.0,1.0,-0.6,0.0,0.0,1.0,0.0,4.0,-0.76,1
-0.8,3.0,0.0,-0.369384965831435,3.0,0.75,0.6,0.0,3.0,4.0,0.0,4.0,-0.08,0
0.4666666666666667,1.0,1.0,-1.0332978992660085,2.0,-1.0,-0.2,0.0,5.0,3.0,0.0,0.0,0.68,0
-0.5333333333333333,4.0,1.0,0.9331156669197671,4.0,-1.0,0.0,0.0,1.0,4.0,0.0,1.0,0.58,1
-0.6,1.0,1.0,0.8477347506960262,2.0,0.0,0.2,1.0,5.0,4.0,0.0,3.0,0.32,0
-0.6666666666666666,4.0,0.0,-1.0332978992660085,2.0,0.25,0.2,0.0,2.0,3.0,0.0,2.0,-0.14,1
0.6333333333333333,7.0,1.0,-0.4480789673500379,3.0,-0.5,1.0,0.0,0.0,0.0,0.0,2.0,-0.66,1
-0.3,2.0,1.0,-0.47768159959503914,2.0,1.0,1.4,0.0,1.0,1.0,0.0,2.0,0.24,0
-0.5666666666666667,6.0,1.0,1.2239686155403695,3.0,0.25,0.4,0.0,1.0,1.0,0.0,2.0,0.98,1
-0.13333333333333333,3.0,1.0,-0.09628954695013911,1.0,-0.25,-0.6,0.0,3.0,2.0,0.0,3.0,0.28,0
0.06666666666666667,7.0,1.0,-1.0332978992660085,4.0,0.5,0.6,0.0,0.0,2.0,0.0,3.0,0.54,1
-1.0,2.0,0.0,0.648888888888889,2.0,0.75,-0.6,0.0,2.0,2.0,0.0,0.0,0.28,0
0.0,6.0,1.0,-0.9554239433054921,3.0,1.0,-0.6,0.0,4.0,1.0,0.0,1.0,0.46,1
-0.3,5.0,1.0,-0.21857251328777522,0.0,0.25,0.6,1.0,5.0,0.0,0.0,3.0,-0.14,1
-0.3333333333333333,0.0,1.0,-0.6053809162237408,2.0,0.25,-0.6,0.0,3.0,1.0,0.0,0.0,0.7,0
0.6333333333333333,1.0,1.0,-0.44644900025310036,1.0,0.75,-0.6,0.0,1.0,1.0,0.0,4.0,0.44,0
-0.23333333333333334,5.0,1.0,0.6907668944570995,1.0,0.0,-0.6,0.0,4.0,1.0,0.0,1.0,0.3,1
0.8666666666666667,4.0,1.0,1.1342546190837763,0.0,-0.5,0.6,0.0,2.0,1.0,0.0,3.0,0.34,1
-0.3333333333333333,6.0,1.0,-0.9885244241964058,3.0,-0.5,0.0,0.0,0.0,0.0,0.0,4.0,-0.98,1
0.8666666666666667,5.0,1.0,0.45448240951657826,2.0,0.25,0.2,1.0,5.0,2.0,0.0,0.0,-0.28,1
0.8666666666666667,0.0,1.0,-0.5772766388256136,3.0,-0.75,-0.6,0.0,3.0,4.0,0.0,3.0,0.5,0
-0.3333333333333333,7.0,1.0,-0.5536775499873449,1.0,0.25,0.4,0.0,1.0,2.0,0.0,3.0,-0.2,1
0.5666666666666667,6.0,1.0,0.3516426221209821,3.0,0.25,0.4,0.0,1.0,2.0,0.0,4.0,0.62,1
0.6666666666666666,5.0,1.0,-0.8013819286256643,1.0,0.75,-0.4,1.0,4.0,4.0,0.0,3.0,-0.24,1
0.3333333333333333,1.0,1.0,0.33643128321943827,3.0,0.5,-0.2,0.0,4.0,1.0,0.0,2.0,-0.04,0
-0.8666666666666667,1.0,0.0,0.5334801316122503,0.0,0.75,-0.6,0.0,5.0,0.0,0.0,3.0,-0.34,0
-0.5666666666666667,2.0,1.0,-0.3493191597064033,4.0,1.0,1.4,0.0,0.0,0.0,0.0,1.0,-0.56,0
0.7333333333333333,5.0,1.0,0.9867577828397874,0.0,0.25,0.2,0.0,2.0,2.0,0.0,4.0,0.72,1
0.36666666666666664,3.0,1.0,-0.9873550999746898,0.0,-0.5,1.0,1.0,0.0,4.0,0.0,1.0,-0.7,0
0.9333333333333333,5.0,1.0,1.0006732472791697,4.0,-0.5,-0.4,0.0,0.0,3.0,0.0,0.0,-0.24,1
0.16666666666666666,7.0,1.0,-1.0332978992660085,4.0,-1.0,0.4,0.0,0.0,1.0,0.0,1.0,0.44,1
0.03333333333333333,6.0,1.0,2.029000253100481,2.0,0.0,0.4,0.0,5.0,2.0,0.0,2.0,0.28,1
-0.8,6.0,0.0,-0.3293242217160211,2.0,-0.25,0.2,0.0,5.0,0.0,0.0,2.0,-0.16,1
0.7,7.0,1.0,-0.9034371045304985,0.0,1.0,1.4,1.0,2.0,4.0,0.0,1.0,-0.58,1
0.9333333333333333,5.0,1.0,-0.1975651733738294,0.0,1.0,-0.4,0.0,0.0,4.0,0.0,0.0,-0.92,1
0.4,7.0,1.0,-0.8154897494305238,1.0,0.0,-0.6,0.0,5.0,2.0,1.0,3.0,0.28,1
0.4,0.0,1.0,0.2729283725639079,1.0,-0.25,0.2,0.0,2.0,3.0,0.0,2.0,-0.62,0
-0.9,4.0,0.0,1.0175702353834473,2.0,0.5,0.4,0.0,1.0,0.0,0.0,1.0,-0.34,1
0.23333333333333334,7.0,1.0,-0.7752265249303971,2.0,0.25,0.0,0.0,2.0,2.0,0.0,1.0,-0.46,1
-0.9333333333333333,1.0,0.0,0.4190432801822324,1.0,-0.25,-0.6,0.0,0.0,3.0,0.0,1.0,-0.9,0
-0.8666666666666667,7.0,0.0,-1.0332978992660085,1.0,-0.75,0.0,1.0,3.0,4.0,0.0,3.0,0.82,1
0.43333333333333335,6.0,1.0,0.763426980511263,3.0,-1.0,-0.4,0.0,0.0,1.0,0.0,4.0,0.02,1
0.0,1.0,1.0,0.29515059478613015,3.0,-0.25,-0.2,0.0,3.0,0.0,0.0,0.0,-0.3,0
0.6666666666666666,6.0,1.0,0.796249050873197,1.0,-0.25,0.2,0.0,2.0,0.0,0.0,4.0,-0.58,1
-0.06666666666666667,2.0,1.0,-0.11379397620855466,3.0,-1.0,0.4,0.0,1.0,3.0,0.0,0.0,0.9,0
0.5,3.0,1.0,-0.3513085294862059,4.0,0.25,-0.6,0.0,1.0,2.0,0.0,0.0,-0.88,0
0.1,6.0,1.0,0.5987851176917237,2.0,-0.25,-0.2,0.0,5.0,4.0,1.0,1.0,0.48,1
0.7666666666666667,1.0,1.0,-1.014097696785624,2.0,-1.0,-0.6,0.0,1.0,3.0,0.0,2.0,-0.08,0
0.26666666666666666,2.0,1.0,-1.0332978992660085,1.0,-1.0,-0.6,0.0,4.0,1.0,0.0,1.0,-0.84,0
0.6666666666666666,6.0,1.0,-0.024662110858010528,0.0,-1.0,0.4,0.0,2.0,1.0,0.0,3.0,0.54,1
-0.5333333333333333,0.0,1.0,-0.31671475575803587,1.0,0.75,1.0,1.0,5.0,1.0,0.0,0.0,-0.56,0
-0.6333333333333333,7.0,1.0,0.3996304732978994,3.0,0.75,-0.4,0.0,1.0,3.0,0.0,2.0,0.76,1
0.6,3.0,1.0,0.8079220450518857,0.0,-0.75,0.4,1.0,2.0,4.0,0.0,0.0,-0.1,0
0.9333333333333333,6.0,1.0,0.3838218172614529,3.0,0.5,0.6,0.0,0.0,0.0,0.0,0.0,0.02,1
0.3333333333333333,2.0,1.0,0.7474411541381929,4.0,0.75,0.6,0.0,1.0,2.0,0.0,1.0,-0.26,0
-0.06666666666666667,0.0,1.0,0.2228802834725387,3.0,0.75,-0.6,0.0,3.0,0.0,0.0,2.0,0.3,0
-0.43333333333333335,5.0,1.0,0.3546494558339662,4.0,0.5,1.4,0.0,2.0,4.0,0.0,2.0,0.28,1
-0.5,2.0,1.0,-0.10947608200455557,4.0,0.0,-0.4,0.0,5.0,0.0,1.0,0.0,-0.92,0
0.8,7.0,1.0,0.3322146292077957,3.0,-1.0,-0.4,1.0,0.0,3.0,0.0,2.0,-0.62,1
-0.43333333333333335,2.0,1.0,0.10564414072386752,3.0,1.0,-0.6,0.0,4.0,1.0,0.0,2.0,0.42,0
-0.13333333333333333,0.0,1.0,0.22601366742596823,4.0,0.5,-0.2,0.0,0.0,4.0,0.0,1.0,0.44,0
0.8666666666666667,2.0,1.0,-0.147491774234371,0.0,-0.75,-0.6,0.0,1.0,4.0,0.0,4.0,-0.32,0
0.7666666666666667,0.0,1.0,0.5933232093140978,4.0,0.25,-0.6,0.0,3.0,0.0,0.0,3.0,-0.98,0
-0.2,6.0,1.0,-0.5603442166540116,2.0,-0.75,-0.4,0.0,0.0,3.0,0.0,4.0,0.72,1
0.16666666666666666,4.0,1.0,-0.034826626170589584,4.0,-1.0,0.6,0.0,4.0,0.0,0.0,2.0,0.68,1
-0.2,0.0,1.0,0.9751455327765125,0.0,0.5,0.6,0.0,5.0,0.0,0.0,0.0,0.52,0
0.7,0.0,1.0,-0.7412604403948366,2.0,-0.75,-0.4,0.0,2.0,4.0,0.0,3.0,-0.2,0
-0.3,3.0,1.0,-1.0332978992660085,1.0,-0.75,0.6,1.0,3.0,0.0,0.0,3.0,-0.14,0
-0.7666666666666667,0.0,0.0,0.25735763097949904,1.0,0.0,0.6,1.0,4.0,1.0,0.0,0.0,-0.16,0
-0.6666666666666666,0.0,0.0,-0.21600101240192335,0.0,0.0,0.4,0.0,1.0,0.0,0.0,3.0,0.78,0
0.7,5.0,1.0,0.7466514806378133,4.0,0.5,-0.6,0.0,1.0,1.0,0.0,0.0,-0.38,1
-1.0333333333333334,4.0,0.0,-0.11999493799038205,3.0,-1.0,0.2,0.0,1.0,4.0,0.0,3.0,0.16,1
0.8666666666666667,6.0,1.0,-0.47977220956719807,0.0,0.75,1.0,1.0,3.0,3.0,1.0,4.0,0.68,1
0.8666666666666667,7.0,1.0,-0.07846621108580094,2.0,-0.5,0.2,0.0,0.0,1.0,1.0,3.0,0.82,1
-1.0333333333333334,3.0,0.0,0.8090711212351307,2.0,-0.25,-0.4,0.0,3.0,3.0,0.0,1.0,0.62,0
0.5,5.0,1.0,0.4159807643634525,1.0,1.0,0.0,0.0,1.0,3.0,0.0,0.0,0.62,1
0.06666666666666667,1.0,1.0,-1.0332978992660085,2.0,-0.25,0.2,0.0,4.0,1.0,0.0,3.0,0.36,0
0.0,4.0,1.0,0.12015692229815254,0.0,0.0,0.0,1.0,2.0,4.0,0.0,0.0,0.62,1
0.7333333333333333,6.0,1.0,0.15811693242217167,2.0,0.5,-0.6,0.0,2.0,2.0,0.0,1.0,0.5,1
0.5333333333333333,6.0,1.0,-0.03475069602632227,0.0,-0.25,-0.4,0.0,3.0,3.0,0.0,3.0,-0.52,1
-0.23333333333333334,1.0,1.0,-0.48474310301189555,3.0,-1.0,0.6,1.0,1.0,3.0,0.0,3.0,0.68,0
0.26666666666666666,7.0,1.0,0.8861149076183247,1.0,1.0,0.6,1.0,5.0,4.0,0.0,1.0,-0.62,1
0.43333333333333335,0.0,1.0,0.9237003290306254,2.0,-0.25,-0.6,1.0,3.0,4.0,0.0,1.0,0.96,0
0.7,5.0,1.0,-1.0332978992660085,0.0,1.0,1.4,1.0,1.0,0.0,0.0,1.0,-1.0,1
-1.0333333333333334,2.0,0.0,-0.6267881548974942,4.0,0.25,-0.4,0.0,0.0,4.0,0.0,0.0,-0.1,0
-0.5333333333333333,3.0,1.0,-0.1307922045051884,1.0,-1.0,0.2,0.0,2.0,3.0,0.0,1.0,-0.44,0
0.23333333333333334,2.0,1.0,0.6993065046823591,3.0,-0.5,0.4,1.0,2.0,1.0,0.0,0.0,-0.5,0
-0.9,1.0,0.0,0.005568210579600332,0.0,-0.75,0.6,1.0,2.0,2.0,0.0,4.0,0.38,0
-0.3333333333333333,6.0,1.0,-0.5399493799038217,3.0,1.0,1.0,0.0,5.0,0.0,0.0,3.0,-0.64,1
-0.1,7.0,1.0,0.5178537079220453,3.0,-1.0,-0.4,0.0,1.0,1.0,1.0,3.0,-0.04,1
0.7666666666666667,6.0,1.0,-0.18136168058719299,2.0,1.0,0.6,0.0,1.0,2.0,0.0,2.0,0.86,1
-0.9666666666666667,3.0,0.0,-0.11003796507213347,2.0,1.0,-0.6,0.0,1.0,2.0,0.0,4.0,-0.58,0
-0.6666666666666666,6.0,0.0,-0.04151860288534524,0.0,0.75,0.4,0.0,1.0,2.0,0.0,1.0,-0.78,1
-0.2,6.0,1.0,0.41517590483421934,4.0,0.75,0.4,0.0,5.0,1.0,0.0,1.0,0.58,1
-0.5333333333333333,3.0,1.0,-0.25517590483421904,0.0,-1.0,0.2,1.0,4.0,0.0,0.0,4.0,-0.96,0
0.6333333333333333,5.0,1.0,0.5007036193368769,4.0,0.75,-0.6,0.0,3.0,0.0,0.0,1.0,-0.76,1
0.16666666666666666,5.0,1.0,-0.07637560111364194,3.0,-0.5,0.6,0.0,3.0,2.0,0.0,2.0,-0.64,1
-0.3333333333333333,3.0,1.0,-0.8310807390534041,1.0,0.5,-0.6,0.0,1.0,1.0,1.0,0.0,-0.78,0
0.8333333333333334,7.0,1.0,-0.04881802075423923,0.0,-1.0,-0.6,0.0,0.0,2.0,1.0,3.0,-0.98,1
-0.1,1.0,1.0,-0.7917489243229562,0.0,-1.0,0.4,0.0,2.0,4.0,1.0,4.0,0.76,0
-0.6,4.0,1.0,0.010225259427993051,4.0,0.0,-0.2,0.0,5.0,0.0,0.0,3.0,0.76,1
-0.13333333333333333,6.0,1.0,0.6089243229562138,3.0,0.0,0.6,0.0,0.0,3.0,0.0,0.0,0.6,1
-0.9,7.0,0.0,-0.8361022525942798,3.0,0.75,-0.4,1.0,0.0,2.0,0.0,4.0,0.88,1
0.5,6.0,1.0,0.2556972918248545,4.0,0.5,-0.6,1.0,1.0,4.0,0.0,0.0,0.52,1
0.5666666666666667,4.0,1.0,-0.650387243735763,3.0,0.75,0.6,0.0,5.0,0.0,0.0,1.0,-0.1,1
-0.06666666666666667,1.0,1.0,0.13225512528473826,2.0,0.25,0.0,0.0,3.0,1.0,0.0,1.0,-0.98,0
0.4666666666666667,5.0,1.0,0.632260187294356,1.0,0.25,-0.6,0.0,2.0,0.0,0.0,1.0,-1.02,1
0.6666666666666666,7.0,1.0,-1.0332978992660085,0.0,-0.75,0.4,0.0,3.0,1.0,0.0,0.0,0.76,1
-0.9,0.0,0.0,-0.8671171855226524,1.0,0.25,0.0,1.0,0.0,1.0,0.0,0.0,-0.56,0
-0.6666666666666666,0.0,0.0,-0.3010630220197417,0.0,0.0,0.2,1.0,2.0,2.0,0.0,0.0,-0.34,0
-0.5333333333333333,4.0,1.0,0.2183143507972666,2.0,-0.5,-0.2,0.0,4.0,2.0,0.0,3.0,-0.76,1
-0.2,0.0,1.0,-0.14722854973424446,3.0,0.25,0.6,0.0,0.0,0.0,0.0,0.0,0.3,0
-0.2,5.0,1.0,-0.05573272589217915,4.0,0.75,0.6,0.0,3.0,4.0,0.0,1.0,-0.78,1
0.5333333333333333,4.0,1.0,1.5303467476588204,2.0,1.0,0.4,0.0,3.0,0.0,0.0,2.0,-0.1,1
-0.36666666666666664,5.0,1.0,-0.9415186028853454,1.0,-1.0,-0.6,0.0,1.0,3.0,1.0,0.0,-0.04,1
0.23333333333333334,1.0,1.0,0.8412806884333079,4.0,-0.5,0.6,0.0,3.0,1.0,0.0,2.0,0.52,0
0.13333333333333333,6.0,1.0,-0.2866362946089596,3.0,-0.5,0.2,1.0,5.0,1.0,1.0,1.0,0.66,1
0.03333333333333333,1.0,1.0,0.39631991900784624,2.0,0.75,0.2,0.0,0.0,2.0,0.0,0.0,-0.52,0
-0.06666666666666667,1.0,1.0,1.5956162996709695,4.0,-1.0,-0.4,0.0,2.0,4.0,0.0,3.0,-0.98,0
0.16666666666666666,5.0,1.0,0.5020197418375096,2.0,0.0,0.6,0.0,3.0,2.0,0.0,3.0,-0.02,1
-0.3,4.0,1.0,0.2619387496836244,2.0,-0.5,0.4,0.0,1.0,3.0,0.0,2.0,-0.24,1
0.8666666666666667,4.0,1.0,1.19331814730448,3.0,-0.75,-0.6,0.0,1.0,0.0,0.0,3.0,0.32,1
-0.7333333333333333,0.0,0.0,0.8331662870159454,0.0,0.75,-0.2,0.0,3.0,0.0,0.0,3.0,-0.32,0
0.7333333333333333,2.0,1.0,-0.627876486965325,4.0,-0.5,0.6,1.0,5.0,4.0,0.0,3.0,-0.02,0
-0.9,6.0,0.0,0.2027385472032398,3.0,0.5,-0.6,0.0,1.0,2.0,0.0,1.0,-1.02,1
0.13333333333333333,5.0,1.0,-1.0332978992660085,2.0,-1.0,1.4,1.0,2.0,2.0,0.0,3.0,-0.38,1
0.06666666666666667,0.0,1.0,-0.43103518096684373,3.0,0.25,0.2,0.0,0.0,3.0,0.0,4.0,-0.9,0
0.6666666666666666,7.0,1.0,0.2175651733738295,0.0,-0.5,0.2,1.0,4.0,0.0,0.0,0.0,0.0,1
-0.03333333333333333,2.0,1.0,-0.47807643634522895,4.0,0.75,-0.6,0.0,5.0,2.0,0.0,3.0,-0.82,0
-0.7333333333333333,2.0,0.0,0.1866717286762847,0.0,0.25,-0.6,0.0,1.0,4.0,0.0,3.0,-0.5,0
0.8666666666666667,5.0,1.0,-0.031060491014932762,1.0,-0.75,1.0,0.0,0.0,0.0,0.0,3.0,-0.76,1
-0.43333333333333335,3.0,1.0,0.38640850417615813,4.0,0.25,-0.6,0.0,4.0,3.0,0.0,4.0,0.68,0
0.8666666666666667,6.0,1.0,-0.34299164768413043,0.0,0.5,0.4,1.0,3.0,4.0,0.0,3.0,0.56,1
0.0,2.0,1.0,-0.7347506960263224,2.0,0.0,-0.4,0.0,3.0,1.0,0.0,3.0,-0.12,0
-1.0333333333333334,5.0,0.0,1.101447734750696,4.0,-0.5,-0.6,0.0,2.0,3.0,0.0,0.0,0.48,1
0.8,5.0,1.0,-0.39728170083523145,4.0,-0.25,-0.6,0.0,4.0,4.0,0.0,4.0,-0.84,1
-0.9,0.0,0.0,0.48025310048089104,3.0,-0.25,0.0,1.0,3.0,2.0,0.0,4.0,-0.56,0
0.43333333333333335,7.0,1.0,1.068888888888889,2.0,0.25,1.4,0.0,3.0,1.0,0.0,3.0,0.18,1
-0.9333333333333333,3.0,0.0,0.10261705897241218,1.0,-1.0,-0.4,0.0,1.0,3.0,0.0,4.0,-0.68,0
-0.5333333333333333,6.0,1.0,-0.6710908630726398,0.0,-0.25,-0.4,1.0,2.0,2.0,0.0,2.0,0.68,1
-0.26666666666666666,4.0,1.0,-0.15651227537332302,3.0,-0.25,-0.4,0.0,0.0,1.0,0.0,4.0,-0.86,1
-0.5333333333333333,1.0,1.0,0.7517236142748672,0.0,-1.0,0.0,0.0,3.0,0.0,0.0,4.0,-0.7,0
0.7666666666666667,7.0,1.0,0.13570741584409018,1.0,1.0,-0.2,0.0,5.0,2.0,0.0,4.0,0.12,1
-1.0,7.0,0.0,-0.9359605163249809,1.0,-0.25,0.6,0.0,5.0,4.0,0.0,1.0,-0.78,1
0.5666666666666667,0.0,1.0,0.43213869906352825,4.0,0.5,0.0,0.0,0.0,3.0,0.0,1.0,-0.04,0
-0.13333333333333333,4.0,1.0,0.5634117944824097,1.0,-0.5,0.0,0.0,4.0,1.0,0.0,1.0,0.98,1
0.0,2.0,1.0,-0.2906859023032143,0.0,-0.5,-0.6,0.0,2.0,2.0,0.0,4.0,-0.92,0
-0.16666666666666666,2.0,1.0,0.44246519868387757,2.0,0.75,1.4,0.0,1.0,0.0,0.0,2.0,0.66,0
-0.4,0.0,1.0,0.1651480637813214,2.0,0.75,-0.6,0.0,5.0,3.0,0.0,4.0,-0.02,0
-0.26666666666666666,5.0,1.0,-0.170802328524424,4.0,-1.0,-0.6,0.0,5.0,3.0,0.0,3.0,-0.32,1
-0.6666666666666666,2.0,0.0,-1.0030777018476333,0.0,-0.75,0.2,0.0,0.0,2.0,0.0,2.0,0.38,0
0.6,3.0,1.0,0.7975955454315365,0.0,0.75,0.0,0.0,4.0,0.0,0.0,1.0,0.96,0
0.1,6.0,1.0,0.555575803594027,1.0,-1.0,-0.2,0.0,4.0,1.0,0.0,0.0,-0.54,1
0.9333333333333333,7.0,1.0,0.42245001265502413,0.0,0.75,-0.2,0.0,0.0,2.0,0.0,2.0,-0.82,1
0.03333333333333333,7.0,1.0,1.151865350544166,3.0,0.75,0.4,0.0,5.0,1.0,0.0,1.0,-0.16,1
0.03333333333333333,3.0,1.0,0.6967906859023033,1.0,-0.75,-0.6,1.0,2.0,3.0,0.0,2.0,-0.76,0
0.6333333333333333,4.0,1.0,0.5004150847886611,3.0,-0.25,0.6,0.0,5.0,1.0,0.0,2.0,-0.46,1
0.36666666666666664,2.0,1.0,-1.0332978992660085,4.0,0.25,0.2,0.0,4.0,0.0,1.0,4.0,0.44,0
0.16666666666666666,7.0,1.0,0.8879068590230323,2.0,1.0,-0.2,1.0,1.0,4.0,0.0,3.0,-0.04,1
-0.6666666666666666,1.0,0.0,0.04218678815489757,4.0,0.75,-0.2,0.0,5.0,0.0,0.0,0.0,-0.94,0
-0.9666666666666667,4.0,0.0,0.21638066312325996,2.0,0.75,-0.6,0.0,2.0,1.0,0.0,1.0,0.4,1
-1.0333333333333334,6.0,0.0,0.22157428499114162,4.0,0.5,0.4,0.0,3.0,2.0,0.0,2.0,0.34,1
0.03333333333333333,6.0,1.0,0.5666767906859025,0.0,1.0,0.0,0.0,5.0,3.0,1.0,0.0,0.72,1
0.26666666666666666,7.0,1.0,0.8311718552265251,3.0,-0.75,-0.4,0.0,0.0,4.0,0.0,2.0,0.1,1
-0.7333333333333333,0.0,0.0,0.46068337129840564,2.0,-0.5,0.0,1.0,3.0,2.0,0.0,3.0,-0.52,0
0.36666666666666664,4.0,1.0,0.3399898759807644,1.0,0.75,1.4,0.0,0.0,2.0,0.0,0.0,-0.92,1
0.4,7.0,1.0,0.15489243229562147,3.0,0.25,-0.2,1.0,0.0,0.0,0.0,1.0,-0.72,1
-0.1,0.0,1.0,-1.0332978992660085,1.0,1.0,1.0,1.0,0.0,1.0,0.0,2.0,0.16,0
-0.6333333333333333,7.0,1.0,-0.23926600860541616,3.0,-0.25,-0.4,1.0,5.0,0.0,1.0,3.0,0.96,1
-0.6666666666666666,1.0,0.0,-0.7358440901037712,3.0,0.75,-0.6,0.0,4.0,1.0,1.0,0.0,-0.8,0
-0.03333333333333333,4.0,1.0,0.8984206529992407,4.0,-0.5,-0.6,0.0,3.0,0.0,0.0,2.0,0.46,1
0.4666666666666667,5.0,1.0,0.4491419893697799,2.0,-0.5,-0.2,1.0,2.0,2.0,0.0,2.0,-0.98,1
-1.0,6.0,0.0,-0.3687623386484433,2.0,0.75,-0.6,1.0,4.0,3.0,0.0,1.0,0.22,1
0.6333333333333333,7.0,1.0,-0.2925132877752466,3.0,0.0,-0.6,0.0,5.0,1.0,0.0,3.0,0.24,1
0.6,1.0,1.0,-0.32004555808656027,0.0,-0.5,1.0,1.0,0.0,4.0,0.0,4.0,0.2,0
0.1,0.0,1.0,-0.33359655783345976,0.0,-1.0,0.6,1.0,2.0,4.0,0.0,2.0,0.98,0
-0.3,0.0,1.0,-1.0332978992660085,1.0,-0.5,0.4,1.0,3.0,2.0,0.0,0.0,-0.92,0
-0.5,6.0,1.0,-1.0332978992660085,1.0,1.0,-0.6,0.0,4.0,0.0,0.0,1.0,-0.66,1
-0.2,3.0,1.0,0.0011592002024805965,4.0,0.0,-0.6,0.0,1.0,0.0,1.0,1.0,-0.68,0
-0.8,7.0,0.0,0.7955909896228806,3.0,-0.75,-0.6,0.0,4.0,2.0,0.0,2.0,0.56,1
-0.1,4.0,1.0,-0.42916223740825094,1.0,0.5,0.4,0.0,2.0,4.0,0.0,2.0,0.7,1
-0.2,2.0,1.0,0.2095115160718807,1.0,-0.75,1.0,0.0,5.0,4.0,0.0,2.0,-0.18,0
-0.7333333333333333,0.0,0.0,0.5366287015945331,3.0,-0.25,-0.2,0.0,3.0,0.0,0.0,4.0,0.98,0
-0.2,4.0,1.0,-0.7751708428246014,4.0,0.5,-0.6,0.0,2.0,1.0,0.0,2.0,0.42,1
0.06666666666666667,4.0,1.0,-0.03606175651733727,1.0,-0.25,0.0,0.0,0.0,3.0,0.0,3.0,-0.98,1
0.6333333333333333,5.0,1.0,-0.5269855732725891,4.0,0.5,-0.4,0.0,3.0,1.0,0.0,0.0,0.4,1
0.3,4.0,1.0,1.1986332574031893,2.0,0.5,-0.4,1.0,4.0,4.0,0.0,2.0,-0.28,1
-0.8333333333333334,4.0,0.0,1.165482156416097,4.0,-1.0,0.2,0.0,2.0,1.0,0.0,4.0,0.32,1
-0.9333333333333333,5.0,0.0,-0.7743811693242216,0.0,0.25,0.4,0.0,4.0,3.0,0.0,0.0,0.48,1
0.8666666666666667,0.0,1.0,0.2721083270058214,0.0,1.0,-0.6,0.0,4.0,1.0,0.0,1.0,-0.16,0
0.7,4.0,1.0,0.7897342444950645,4.0,-0.75,-0.6,0.0,4.0,1.0,0.0,2.0,0.86,1
0.6,3.0,1.0,0.6232396861554037,0.0,-0.5,1.4,0.0,5.0,1.0,0.0,0.0,0.74,0
0.43333333333333335,3.0,1.0,0.04103264996203513,2.0,0.0,-0.6,1.0,4.0,1.0,0.0,1.0,0.56,0
-0.7,1.0,0.0,0.971176917236143,3.0,1.0,-0.6,0.0,0.0,2.0,0.0,4.0,0.22,0
-0.1,5.0,1.0,-0.7076942546190836,0.0,-0.25,-0.6,0.0,0.0,4.0,0.0,3.0,-0.2,1
0.8,1.0,1.0,-0.25103518096684374,0.0,-1.0,-0.6,0.0,3.0,3.0,1.0,2.0,0.24,0
0.13333333333333333,5.0,1.0,-0.6872892938496582,4.0,-0.25,-0.4,0.0,1.0,4.0,0.0,3.0,0.04,1
-0.23333333333333334,7.0,1.0,0.5732523411794482,2.0,0.25,0.6,0.0,4.0,2.0,0.0,4.0,0.52,1
-0.36666666666666664,7.0,1.0,-0.4632953682611996,3.0,0.0,-0.4,0.0,4.0,2.0,0.0,0.0,0.5,1
0.8333333333333334,4.0,1.0,-0.15092381675525166,4.0,-1.0,-0.2,0.0,2.0,2.0,0.0,0.0,0.38,1
0.13333333333333333,2.0,1.0,0.4481042773981273,4.0,-0.25,0.2,1.0,5.0,2.0,1.0,4.0,0.48,0
-0.7333333333333333,7.0,0.0,0.5092837256390788,2.0,0.25,0.0,0.0,1.0,1.0,0.0,4.0,-0.3,1
0.16666666666666666,2.0,1.0,-0.7096785623892684,3.0,-0.25,0.6,0.0,3.0,4.0,0.0,2.0,-0.96,0
-0.7666666666666667,7.0,0.0,0.781422424702607,2.0,1.0,0.6,0.0,1.0,0.0,0.0,1.0,-1.0,1
-0.26666666666666666,6.0,1.0,0.3251075677043789,3.0,0.0,-0.6,0.0,4.0,3.0,1.0,3.0,0.94,1
0.1,7.0,1.0,-0.8422323462414577,2.0,0.75,0.4,0.0,2.0,2.0,1.0,3.0,-0.16,1
0.5666666666666667,1.0,1.0,-1.0290306251581876,4.0,1.0,-0.2,0.0,5.0,4.0,0.0,0.0,0.3,0
0.1,0.0,1.0,-0.032908124525436476,4.0,0.0,1.4,0.0,3.0,2.0,0.0,0.0,0.32,0
0.5333333333333333,4.0,1.0,0.6245811187041256,1.0,0.25,-0.2,0.0,1.0,2.0,0.0,2.0,0.48,1
0.13333333333333333,1.0,1.0,0.6440344216654014,0.0,-1.0,1.4,0.0,3.0,2.0,0.0,4.0,0.62,0
-0.4666666666666667,0.0,1.0,0.24954188812958758,2.0,0.5,0.4,0.0,4.0,2.0,0.0,3.0,0.44,0
0.5666666666666667,3.0,1.0,0.01606175651733762,1.0,-0.25,-0.6,1.0,3.0,2.0,1.0,2.0,0.2,0
0.23333333333333334,1.0,1.0,0.36766894457099486,0.0,-0.75,0.0,0.0,2.0,3.0,0.0,0.0,-1.02,0
0.0,3.0,1.0,-0.6703518096684382,2.0,0.0,1.4,0.0,3.0,4.0,1.0,0.0,-0.7,0
-0.26666666666666666,2.0,1.0,1.2600354340673245,3.0,-0.5,0.6,0.0,0.0,2.0,0.0,3.0,-0.72,0
-0.3,2.0,1.0,1.2501290812452543,0.0,0.25,-0.6,1.0,2.0,2.0,0.0,0.0,-0.86,0
0.0,6.0,1.0,0.3047026069349532,4.0,0.75,0.4,0.0,1.0,2.0,0.0,0.0,0.02,1
0.16666666666666666,7.0,1.0,0.12891419893697803,1.0,0.5,-0.4,0.0,5.0,2.0,0.0,1.0,0.42,1
-0.6666666666666666,1.0,0.0,-0.3332877752467729,0.0,-0.5,-0.6,0.0,5.0,1.0,0.0,4.0,0.14,0
0.5666666666666667,3.0,1.0,0.38058213110604916,0.0,0.75,-0.2,0.0,4.0,1.0,0.0,0.0,-0.86,0
0.7666666666666667,0.0,1.0,-0.5458162490508731,4.0,-0.75,-0.6,0.0,4.0,0.0,1.0,1.0,-0.8,0
-0.6333333333333333,2.0,1.0,-1.0332978992660085,2.0,1.0,0.6,0.0,0.0,2.0,0.0,2.0,-0.22,0
-0.3,7.0,1.0,-1.0332978992660085,3.0,-0.25,-0.4,1.0,1.0,0.0,0.0,0.0,-0.74,1
-0.23333333333333334,2.0,1.0,-0.6279574791192102,4.0,-1.0,0.6,0.0,5.0,3.0,0.0,2.0,0.28,0
0.1,0.0,1.0,0.09784358390280963,3.0,0.75,-0.6,0.0,5.0,0.0,0.0,0.0,0.46,0
0.3,7.0,1.0,0.23117185522652509,2.0,0.5,-0.4,1.0,5.0,4.0,0.0,3.0,-0.82,1
-0.06666666666666667,7.0,1.0,-0.3904935459377372,0.0,0.0,-0.6,0.0,5.0,1.0,0.0,1.0,-0.88,1
-0.5,3.0,1.0,0.08679827891673007,3.0,0.0,-0.6,0.0,3.0,1.0,0.0,1.0,0.06,0
0.5666666666666667,3.0,1.0,-0.22911667932169066,1.0,0.5,-0.6,0.0,1.0,2.0,0.0,3.0,0.88,0
-0.4,1.0,1.0,-0.7796760313844595,1.0,0.0,-0.6,0.0,2.0,2.0,0.0,4.0,-0.92,0
0.5333333333333333,1.0,1.0,-0.06170589724120457,4.0,0.75,0.0,0.0,2.0,3.0,1.0,1.0,0.02,0
-0.23333333333333334,5.0,1.0,0.5963857251328779,2.0,0.25,-0.6,1.0,0.0,3.0,0.0,2.0,-0.64,1
-0.3333333333333333,4.0,1.0,-0.745315110098709,4.0,0.0,-0.2,1.0,3.0,4.0,0.0,1.0,-0.26,1
-0.6333333333333333,5.0,1.0,-0.7449708934446975,4.0,1.0,-0.4,0.0,5.0,2.0,0.0,4.0,0.94,1
0.9,6.0,1.0,-0.8327815742849911,4.0,-0.75,0.6,0.0,5.0,2.0,0.0,2.0,0.4,1
-0.43333333333333335,2.0,1.0,-1.0332978992660085,1.0,-1.0,1.0,0.0,4.0,3.0,0.0,2.0,-0.36,0
0.5666666666666667,1.0,1.0,-0.38551252847380396,1.0,0.75,-0.2,0.0,4.0,3.0,0.0,3.0,0.1,0
0.13333333333333333,3.0,1.0,0.5213110604910152,4.0,-0.5,-0.4,0.0,0.0,3.0,0.0,0.0,-0.66,0
-0.6666666666666666,0.0,0.0,0.11115666919767155,1.0,0.5,-0.6,0.0,5.0,1.0,0.0,3.0,0.38,0
0.3,3.0,1.0,-0.1494102758795241,2.0,0.75,1.4,0.0,0.0,0.0,0.0,0.0,-0.42,0
-0.43333333333333335,2.0,1.0,0.07710453049860803,4.0,0.25,-0.6,0.0,3.0,0.0,0.0,3.0,0.6,0
-0.6666666666666666,5.0,0.0,-0.39217919514047067,1.0,1.0,-0.6,0.0,2.0,2.0,0.0,0.0,-0.24,1
-0.7666666666666667,3.0,0.0,-1.0332978992660085,3.0,0.5,-0.6,0.0,5.0,1.0,0.0,1.0,-0.76,0
-0.8333333333333334,4.0,0.0,0.5741837509491269,4.0,0.0,-0.4,0.0,1.0,3.0,0.0,2.0,0.96,1
-0.13333333333333333,6.0,1.0,0.7924120475828903,4.0,0.75,-0.6,1.0,3.0,2.0,0.0,0.0,0.58,1
-0.6,2.0,1.0,-0.5737889141989369,2.0,-0.75,0.4,0.0,5.0,1.0,0.0,1.0,-0.3,0
-0.03333333333333333,5.0,1.0,-0.13542394330549215,0.0,0.5,-0.6,0.0,1.0,4.0,0.0,4.0,-0.16,1
0.6666666666666666,4.0,1.0,-0.20085041761579334,0.0,-0.25,0.2,1.0,4.0,1.0,0.0,3.0,-0.86,1
-0.43333333333333335,0.0,1.0,0.24583649708934452,2.0,1.0,-0.6,0.0,0.0,2.0,1.0,4.0,0.12,0
0.8666666666666667,5.0,1.0,1.2622424702606938,2.0,-1.0,-0.6,1.0,4.0,0.0,0.0,1.0,-0.64,1
0.5,7.0,1.0,0.8597367754998734,2.0,0.5,1.0,0.0,2.0,3.0,0.0,4.0,0.8,1
-0.5333333333333333,4.0,1.0,-0.3070868134649454,0.0,0.25,-0.6,0.0,4.0,4.0,0.0,4.0,-0.04,1
0.7,4.0,1.0,0.39099974689951916,2.0,0.75,0.6,0.0,5.0,1.0,0.0,1.0,-0.64,1
-0.9,6.0,0.0,0.9315413819286258,1.0,0.0,0.0,1.0,1.0,2.0,0.0,2.0,-0.32,1
0.1,2.0,1.0,0.2891622374082512,4.0,-1.0,-0.6,0.0,4.0,2.0,0.0,0.0,-0.5,0
-0.6666666666666666,0.0,0.0,-0.02446469248291568,4.0,-1.0,1.4,0.0,5.0,3.0,0.0,3.0,0.4,0
-0.23333333333333334,6.0,1.0,0.3177524677296888,3.0,1.0,-0.6,0.0,2.0,2.0,1.0,0.0,-0.4,1
0.6666666666666666,5.0,1.0,-0.5548924322956212,3.0,0.25,0.6,0.0,1.0,2.0,0.0,3.0,-1.02,1
0.9,6.0,1.0,-0.4440394836750189,4.0,0.0,-0.6,1.0,4.0,3.0,0.0,0.0,-0.7,1
-0.36666666666666664,4.0,1.0,-0.8288180207542393,1.0,-1.0,0.6,0.0,0.0,4.0,0.0,4.0,-0.86,1
0.13333333333333333,2.0,1.0,0.21226018729435595,0.0,0.25,-0.6,0.0,0.0,0.0,0.0,2.0,0.64,0
0.7,1.0,1.0,-0.12066818526955184,0.0,0.25,0.0,0.0,1.0,0.0,0.0,4.0,-0.14,0
-0.3,6.0,1.0,-0.6458921791951404,1.0,-0.5,0.4,1.0,0.0,1.0,0.0,2.0,0.88,1
-0.5333333333333333,7.0,1.0,-0.1455580865603643,0.0,0.75,1.0,1.0,4.0,4.0,0.0,1.0,0.28,1
0.8333333333333334,6.0,1.0,0.3359757023538346,2.0,-1.0,1.0,1.0,4.0,1.0,0.0,3.0,-0.4,1
0.23333333333333334,5.0,1.0,1.4329486206023792,4.0,-1.0,0.6,0.0,1.0,0.0,0.0,3.0,-0.14,1
0.43333333333333335,5.0,1.0,0.7475677043786384,4.0,0.25,0.6,0.0,4.0,3.0,0.0,1.0,-0.86,1
0.7,0.0,1.0,-1.0332978992660085,1.0,-1.0,-0.6,0.0,5.0,2.0,0.0,0.0,-0.44,0
0.3333333333333333,5.0,1.0,0.16080992153885107,0.0,0.25,-0.6,0.0,2.0,0.0,0.0,1.0,0.64,1
0.8666666666666667,3.0,1.0,1.0643938243482662,3.0,-1.0,-0.6,0.0,0.0,4.0,0.0,1.0,-0.28,0
0.23333333333333334,2.0,1.0,-1.0332978992660085,3.0,0.25,-0.4,0.0,5.0,0.0,0.0,2.0,0.16,0
-0.6,2.0,1.0,0.39790432801822345,0.0,-0.5,-0.4,0.0,1.0,4.0,0.0,1.0,-1.02,0
-0.03333333333333333,1.0,1.0,-0.20057706909643117,3.0,0.75,0.0,1.0,0.0,4.0,0.0,3.0,-0.94,0
0.8666666666666667,1.0,1.0,0.8525234117944823,1.0,0.25,-0.6,0.0,5.0,4.0,0.0,4.0,0.22,0
-0.9,2.0,0.0,0.28605922551252855,1.0,-1.0,0.2,0.0,4.0,1.0,0.0,2.0,0.94,0
0.1,7.0,1.0,-0.6921285750442925,0.0,0.0,-0.6,1.0,1.0,3.0,0.0,2.0,-0.32,1
-0.3,1.0,1.0,-0.17340420146798277,3.0,0.75,-0.4,0.0,1.0,0.0,0.0,0.0,0.26,0
-0.1,0.0,1.0,-0.12848392811946327,1.0,-0.5,0.0,0.0,0.0,3.0,0.0,4.0,0.52,0
0.36666666666666664,5.0,1.0,-0.11442672741078194,1.0,0.25,0.4,0.0,4.0,2.0,0.0,2.0,0.42,1
-0.7,2.0,0.0,0.8289597570235386,2.0,0.0,0.4,0.0,0.0,0.0,0.0,1.0,0.84,0
-0.4666666666666667,4.0,1.0,-0.6606985573272588,2.0,0.25,0.2,0.0,3.0,3.0,1.0,2.0,-0.56,1
0.5,1.0,1.0,0.7407238673753481,1.0,-1.0,-0.6,0.0,5.0,3.0,0.0,2.0,-0.96,0
-0.6666666666666666,2.0,0.0,-0.25039230574538074,0.0,0.5,0.0,0.0,3.0,2.0,0.0,2.0,0.52,0
-0.7666666666666667,3.0,0.0,0.14881802075423956,4.0,1.0,-0.6,0.0,5.0,4.0,0.0,0.0,0.74,0
-0.7333333333333333,6.0,0.0,0.034062262718299374,4.0,-0.75,-0.4,0.0,2.0,0.0,0.0,2.0,0.32,1
0.8666666666666667,5.0,1.0,-0.0374538091622373,1.0,0.0,-0.2,0.0,1.0,0.0,0.0,2.0,-0.54,1
0.4,2.0,1.0,-0.03122247532270303,1.0,-0.25,-0.6,0.0,0.0,2.0,0.0,0.0,0.44,0
-0.5,6.0,1.0,1.0856795747911923,1.0,0.25,-0.6,0.0,2.0,4.0,0.0,4.0,0.94,1
0.2,1.0,1.0,0.6187749936724881,0.0,0.25,1.4,0.0,2.0,0.0,0.0,3.0,-0.9,0
-0.8333333333333334,6.0,0.0,-0.2963047329789925,2.0,-0.75,1.4,1.0,1.0,0.0,0.0,0.0,-0.78,1
0.4666666666666667,5.0,1.0,1.1809162237408253,1.0,-0.75,-0.4,1.0,1.0,0.0,1.0,0.0,0.32,1
-0.6333333333333333,2.0,1.0,0.1876689445709948,1.0,-0.25,-0.6,1.0,5.0,4.0,0.0,2.0,-0.18,0
0.26666666666666666,3.0,1.0,0.2506504682358898,3.0,-1.0,-0.6,0.0,3.0,2.0,0.0,2.0,0.1,0
0.3333333333333333,7.0,1.0,-0.6566742596810933,0.0,1.0,-0.4,0.0,4.0,0.0,0.0,3.0,-0.32,1
-0.7666666666666667,1.0,0.0,-0.39864844343204237,1.0,0.5,1.0,0.0,5.0,3.0,0.0,2.0,-0.76,0
0.6,2.0,1.0,-0.5436800809921537,3.0,0.5,-0.6,0.0,4.0,4.0,0.0,1.0,0.6,0
-0.16666666666666666,5.0,1.0,0.044459630473298095,4.0,-0.5,0.4,0.0,2.0,1.0,0.0,2.0,0.4,1
0.8666666666666667,1.0,1.0,0.46413059984813987,1.0,-0.5,-0.6,0.0,4.0,2.0,0.0,2.0,0.88,0
-1.0,0.0,0.0,0.25794482409516584,1.0,-1.0,1.4,1.0,3.0,3.0,0.0,1.0,-0.5,0
-0.9,6.0,0.0,1.1849101493292837,3.0,-0.5,-0.4,0.0,5.0,0.0,0.0,3.0,-0.3,1
-0.1,7.0,1.0,-0.6949734244495064,0.0,-0.5,0.4,0.0,1.0,1.0,1.0,1.0,0.7,1
0.16666666666666666,5.0,1.0,0.06632245001265524,1.0,-0.25,-0.4,0.0,3.0,2.0,0.0,0.0,0.38,1
0.2,0.0,1.0,-0.9950341685649201,4.0,-0.25,0.2,0.0,3.0,4.0,0.0,1.0,0.48,0
-0.43333333333333335,4.0,1.0,-0.7208757276638824,1.0,-0.5,-0.6,0.0,5.0,1.0,0.0,4.0,-0.54,1
-0.8,2.0,0.0,0.9393014426727412,4.0,0.75,-0.6,1.0,1.0,1.0,1.0,0.0,0.3,0
0.5333333333333333,3.0,1.0,-0.37257909390027827,2.0,0.75,1.0,1.0,3.0,3.0,0.0,2.0,0.76,0
0.43333333333333335,1.0,1.0,-0.6308934446975448,2.0,-1.0,1.0,1.0,1.0,2.0,0.0,0.0,-0.96,0
-1.0333333333333334,6.0,0.0,-1.0332978992660085,4.0,0.5,0.6,0.0,0.0,3.0,1.0,3.0,0.96,1
-0.3333333333333333,1.0,1.0,-0.6384763351050365,0.0,-0.75,0.2,0.0,0.0,3.0,1.0,3.0,0.54,0
0.6666666666666666,7.0,1.0,-0.17676537585421404,1.0,-1.0,0.6,0.0,0.0,0.0,0.0,1.0,0.88,1
-0.5,2.0,1.0,-1.0332978992660085,1.0,-0.5,-0.6,1.0,4.0,4.0,0.0,0.0,0.82,0
-0.8333333333333334,1.0,0.0,-0.22043027081751435,2.0,-0.25,-0.4,0.0,3.0,1.0,0.0,2.0,0.44,0
-0.23333333333333334,6.0,1.0,0.9438977474057201,4.0,0.25,-0.4,0.0,5.0,2.0,0.0,3.0,0.66,1
0.43333333333333335,2.0,1.0,-0.5579549481144013,1.0,0.0,0.2,0.0,5.0,4.0,0.0,2.0,-0.72,0
-0.9333333333333333,1.0,0.0,-0.7372057706909642,1.0,-0.25,-0.4,0.0,4.0,4.0,0.0,4.0,-0.66,0
0.13333333333333333,3.0,1.0,-0.8742748671222473,0.0,0.75,-0.6,0.0,5.0,2.0,0.0,3.0,-0.46,0
-0.8666666666666667,5.0,0.0,-0.8878410528980004,3.0,-0.25,0.0,0.0,0.0,4.0,0.0,1.0,-0.02,1
0.9333333333333333,2.0,1.0,0.3857706909643129,2.0,-0.75,0.6,0.0,3.0,0.0,0.0,4.0,-0.68,0
-0.03333333333333333,5.0,1.0,0.016056694507719693,2.0,-0.5,-0.4,0.0,5.0,4.0,0.0,0.0,0.12,1
-0.43333333333333335,4.0,1.0,0.7056492027334853,3.0,0.25,-0.6,0.0,5.0,0.0,0.0,2.0,-0.16,1
0.4,2.0,1.0,1.5127714502657557,1.0,0.75,-0.6,0.0,2.0,1.0,0.0,3.0,-0.72,0
0.7333333333333333,3.0,1.0,-1.0332978992660085,0.0,0.75,-0.6,0.0,2.0,1.0,0.0,4.0,0.26,0
0.23333333333333334,5.0,1.0,0.26769931662870167,0.0,1.0,-0.6,0.0,2.0,3.0,1.0,4.0,-1.0,1
-0.16666666666666666,0.0,1.0,-0.8702657555049352,2.0,0.5,0.2,0.0,3.0,0.0,0.0,3.0,0.08,0
-0.7333333333333333,6.0,0.0,0.5781169324221717,0.0,-0.75,0.2,0.0,0.0,1.0,0.0,0.0,0.54,1
-0.2,0.0,1.0,-0.22736016198430758,3.0,0.75,0.2,0.0,1.0,4.0,0.0,0.0,-0.48,0
-0.43333333333333335,1.0,1.0,-0.0001518602885344101,1.0,0.5,-0.4,0.0,0.0,2.0,0.0,1.0,0.26,0
0.23333333333333334,3.0,1.0,-0.9952164009111616,3.0,0.75,0.6,0.0,0.0,2.0,0.0,0.0,-0.94,0
-0.9666666666666667,0.0,0.0,-0.3446823588964818,4.0,-0.5,-0.6,0.0,3.0,0.0,0.0,1.0,-0.6,0
0.43333333333333335,2.0,1.0,0.04718299164768415,2.0,0.5,-0.2,0.0,3.0,3.0,0.0,4.0,0.96,0
-0.6333333333333333,1.0,1.0,1.008777524677297,0.0,1.0,0.6,0.0,2.0,4.0,0.0,3.0,-0.78,0
0.6,1.0,1.0,-0.6242065299924068,4.0,-0.5,-0.6,0.0,5.0,0.0,0.0,0.0,0.26,0
-0.13333333333333333,0.0,1.0,-0.4390382181726144,0.0,0.25,-0.6,0.0,4.0,2.0,0.0,1.0,-0.72,0
0.8666666666666667,4.0,1.0,0.6961022525942799,1.0,-0.75,0.6,0.0,4.0,0.0,0.0,4.0,0.68,1
-0.4,0.0,1.0,-0.673394077448747,1.0,-0.75,-0.4,0.0,1.0,4.0,0.0,0.0,0.24,0
-0.13333333333333333,4.0,1.0,0.8465198683877501,1.0,0.0,0.2,0.0,5.0,1.0,0.0,2.0,-0.4,1
-0.8,3.0,0.0,-0.02779549481144007,0.0,0.0,-0.6,0.0,1.0,4.0,0.0,4.0,0.56,0
0.3,6.0,1.0,0.20926347760060748,4.0,0.5,0.2,0.0,2.0,1.0,0.0,0.0,-0.02,1
0.23333333333333334,0.0,1.0,0.2581624905087322,1.0,-0.75,-0.4,0.0,1.0,1.0,0.0,4.0,0.54,0
-1.0333333333333334,7.0,0.0,-0.48879271070615016,4.0,0.5,-0.6,0.0,5.0,1.0,0.0,3.0,0.12,1
-0.9666666666666667,4.0,0.0,0.2751455327765124,0.0,0.0,0.2,0.0,5.0,0.0,0.0,3.0,-0.12,1
-0.6333333333333333,0.0,1.0,-0.6073550999746898,4.0,0.25,-0.6,1.0,4.0,2.0,0.0,3.0,0.0,0
-0.13333333333333333,5.0,1.0,-0.4021412300683371,0.0,0.75,-0.4,0.0,2.0,0.0,0.0,2.0,0.22,1
0.8333333333333334,2.0,1.0,0.4033206783092889,0.0,-0.25,-0.6,0.0,3.0,2.0,0.0,3.0,0.48,0
0.9333333333333333,7.0,1.0,0.20187800556821078,2.0,0.5,-0.6,0.0,1.0,4.0,1.0,2.0,0.16,1
0.5666666666666667,7.0,1.0,-0.07781827385472011,0.0,0.25,-0.6,0.0,4.0,3.0,0.0,3.0,0.26,1
-0.23333333333333334,4.0,1.0,-0.976654011642622,0.0,-0.75,-0.6,0.0,1.0,4.0,0.0,4.0,0.58,1
0.8,5.0,1.0,-0.7871526195899771,3.0,0.75,1.0,0.0,1.0,0.0,0.0,0.0,0.06,1
0.03333333333333333,5.0,1.0,0.18920779549481154,1.0,1.0,-0.6,0.0,3.0,0.0,0.0,0.0,0.1,1
0.2,1.0,1.0,0.535018982536067,2.0,0.0,-0.2,0.0,2.0,2.0,0.0,3.0,0.8,0
0.7,4.0,1.0,-0.8634522905593519,2.0,-0.25,-0.6,1.0,5.0,0.0,0.0,0.0,0.38,1
-0.8666666666666667,6.0,0.0,-0.6585775752973929,2.0,0.25,-0.4,0.0,0.0,1.0,0.0,3.0,0.42,1
0.8666666666666667,2.0,1.0,0.08099215388509261,3.0,0.75,1.0,1.0,1.0,0.0,0.0,3.0,0.68,0
0.4,3.0,1.0,0.06474310301189577,0.0,-0.5,-0.6,0.0,0.0,2.0,1.0,1.0,-0.52,0
0.43333333333333335,7.0,1.0,-1.0332978992660085,1.0,-1.0,1.4,0.0,2.0,2.0,0.0,1.0,-0.8,1
0.0,3.0,1.0,0.10177676537585442,4.0,-0.25,-0.6,0.0,0.0,1.0,0.0,1.0,0.38,0
0.43333333333333335,0.0,1.0,-0.47523664894963286,0.0,-0.25,0.4,0.0,1.0,2.0,0.0,2.0,-0.12,0
0.5,0.0,1.0,1.225153125790939,3.0,-1.0,0.0,1.0,3.0,3.0,0.0,1.0,-0.1,0
-0.36666666666666664,3.0,1.0,0.16832194381169346,0.0,1.0,0.6,0.0,0.0,4.0,0.0,3.0,0.54,0
-0.5333333333333333,0.0,1.0,0.2991293343457354,0.0,-0.5,0.0,0.0,2.0,0.0,0.0,4.0,-0.28,0
0.7333333333333333,6.0,1.0,0.31878511769172374,3.0,0.0,0.0,0.0,2.0,3.0,1.0,1.0,-0.62,1
-0.36666666666666664,5.0,1.0,-0.9426322450012653,2.0,0.25,-0.6,0.0,3.0,0.0,0.0,1.0,-0.76,1
-0.7,0.0,0.0,1.455094912680334,2.0,0.75,-0.6,0.0,0.0,3.0,0.0,4.0,-1.0,0
0.9333333333333333,1.0,1.0,-1.0332978992660085,1.0,0.25,1.0,1.0,0.0,0.0,0.0,3.0,0.4,0
0.16666666666666666,0.0,1.0,0.5832801822323465,1.0,-0.5,-0.4,0.0,5.0,1.0,0.0,2.0,0.36,0
0.13333333333333333,2.0,1.0,0.4488585168311821,2.0,0.25,-0.4,0.0,4.0,2.0,0.0,1.0,0.98,0
0.1,6.0,1.0,-0.3830827638572512,4.0,-1.0,0.4,0.0,2.0,2.0,0.0,4.0,0.98,1
-0.43333333333333335,2.0,1.0,0.4851430017717034,0.0,-0.25,-0.4,0.0,5.0,1.0,0.0,3.0,-0.38,0
-0.4,2.0,1.0,-0.2620298658567449,4.0,0.25,1.4,1.0,2.0,3.0,0.0,0.0,-0.92,0
0.8333333333333334,1.0,1.0,-0.5337737281700834,0.0,0.5,0.4,0.0,5.0,4.0,0.0,2.0,0.76,0
-0.4666666666666667,6.0,1.0,0.33564160971905865,2.0,-0.5,0.0,1.0,4.0,3.0,0.0,4.0,-0.3,1
0.5,6.0,1.0,-0.785178435839028,1.0,1.0,0.6,0.0,5.0,2.0,0.0,4.0,-0.76,1
0.3,4.0,1.0,-0.19117185522652486,1.0,0.5,-0.6,0.0,2.0,4.0,0.0,4.0,-0.3,1
0.5666666666666667,6.0,1.0,-0.472057706909643,4.0,-1.0,-0.6,0.0,0.0,0.0,0.0,1.0,-0.88,1
-0.6,6.0,1.0,-0.2760060744115413,1.0,-0.75,-0.2,0.0,2.0,4.0,0.0,0.0,0.5,1
-0.5666666666666667,6.0,1.0,0.3076740065806127,2.0,-1.0,-0.6,0.0,1.0,3.0,0.0,2.0,-0.78,1
-0.03333333333333333,1.0,1.0,-0.4721994431789419,4.0,1.0,0.4,0.0,3.0,1.0,0.0,3.0,-0.24,0
-1.0333333333333334,0.0,0.0,-0.16692989116679297,0.0,1.0,1.0,0.0,3.0,0.0,0.0,3.0,0.8,0
0.7,4.0,1.0,-0.4029359655783345,1.0,0.5,-0.2,1.0,1.0,3.0,0.0,0.0,0.12,1
0.7333333333333333,2.0,1.0,1.0755302455074665,3.0,-0.5,-0.4,0.0,3.0,0.0,0.0,4.0,-0.68,0
0.7333333333333333,6.0,1.0,0.23925082257656305,1.0,0.0,1.4,0.0,3.0,4.0,0.0,4.0,0.1,1
-0.9666666666666667,7.0,0.0,0.14620096178182748,0.0,-0.25,-0.2,0.0,4.0,2.0,0.0,4.0,0.62,1
-0.5333333333333333,0.0,1.0,0.49802581624905107,4.0,0.5,-0.2,0.0,0.0,3.0,0.0,4.0,-0.28,0
-0.3,0.0,1.0,-0.4720222728423183,0.0,1.0,-0.4,0.0,0.0,1.0,1.0,4.0,-0.4,0
0.8333333333333334,2.0,1.0,0.6315413819286257,3.0,-0.75,1.0,0.0,2.0,4.0,0.0,0.0,0.68,0
-0.7,1.0,0.0,0.24195899772209578,2.0,0.75,0.0,0.0,1.0,3.0,1.0,1.0,0.28,0
-0.6666666666666666,3.0,0.0,-1.0332978992660085,1.0,1.0,0.4,0.0,5.0,1.0,0.0,2.0,0.5,0
-0.7333333333333333,3.0,0.0,-1.0332978992660085,4.0,1.0,0.6,0.0,2.0,3.0,0.0,4.0,0.7,0
0.0,0.0,1.0,-0.45544419134396347,2.0,0.5,-0.4,0.0,2.0,4.0,0.0,1.0,-0.54,0
-0.5333333333333333,5.0,1.0,-1.0239382434826625,0.0,1.0,-0.2,0.0,2.0,3.0,0.0,3.0,0.8,1
-0.8,5.0,0.0,-0.2018223234624145,4.0,1.0,0.6,1.0,2.0,0.0,0.0,0.0,0.12,1
0.2,2.0,1.0,-0.7906302201974184,2.0,-0.5,-0.4,0.0,0.0,4.0,0.0,1.0,0.46,0
-0.6666666666666666,3.0,0.0,-0.09509491268033393,4.0,-0.25,0.4,0.0,5.0,3.0,0.0,4.0,-0.38,0
-0.26666666666666666,0.0,1.0,1.051014932928373,3.0,-0.75,1.0,0.0,2.0,2.0,0.0,4.0,0.72,0
-0.13333333333333333,1.0,1.0,-0.05839028094153374,3.0,-0.5,0.2,0.0,0.0,3.0,0.0,4.0,0.28,0
0.7,3.0,1.0,-0.2509390027841052,1.0,0.0,0.4,1.0,2.0,0.0,0.0,1.0,-0.44,0
-0.8,0.0,0.0,0.27389521640091136,1.0,0.0,0.6,0.0,3.0,1.0,0.0,4.0,0.58,0
0.8666666666666667,0.0,1.0,-0.5496886864085041,3.0,0.25,0.6,0.0,2.0,1.0,0.0,1.0,-0.36,0
-0.13333333333333333,6.0,1.0,0.6195089850670717,4.0,0.5,-0.4,1.0,1.0,1.0,0.0,4.0,0.68,1
0.13333333333333333,1.0,1.0,0.3551202227284234,3.0,0.5,-0.6,1.0,1.0,2.0,0.0,3.0,0.34,0
-0.2,6.0,1.0,0.008615540369526923,1.0,-1.0,-0.2,0.0,2.0,0.0,0.0,3.0,-0.08,1
-0.8,2.0,0.0,0.09627436092128577,3.0,-0.75,0.2,0.0,4.0,4.0,0.0,2.0,-0.24,0
0.8666666666666667,6.0,1.0,1.5294052138699064,3.0,1.0,-0.2,1.0,3.0,1.0,0.0,4.0,-0.02,1
0.9333333333333333,7.0,1.0,0.6946038977474057,4.0,-0.75,0.4,0.0,5.0,0.0,0.0,4.0,0.56,1
0.6,6.0,1.0,1.6492077954948114,2.0,0.25,-0.4,0.0,2.0,3.0,0.0,1.0,-0.78,1
-0.13333333333333333,7.0,1.0,0.38307770184763373,1.0,-1.0,0.2,0.0,5.0,2.0,1.0,1.0,0.76,1
-0.13333333333333333,3.0,1.0,-1.0332978992660085,4.0,-0.5,-0.6,0.0,3.0,0.0,0.0,4.0,-0.42,0
0.16666666666666666,5.0,1.0,-0.21996456593267524,3.0,-0.75,0.4,0.0,2.0,0.0,0.0,2.0,-0.26,1
0.3,4.0,1.0,-1.0332978992660085,3.0,-0.5,0.0,0.0,4.0,4.0,1.0,4.0,0.22,1
0.13333333333333333,4.0,1.0,0.38024297646165534,2.0,0.0,-0.6,0.0,0.0,0.0,0.0,1.0,-0.08,1
-0.16666666666666666,0.0,1.0,0.5450923816755254,1.0,0.25,-0.6,0.0,4.0,4.0,0.0,4.0,0.7,0
0.7333333333333333,4.0,1.0,-0.6935712477853706,1.0,1.0,0.4,0.0,4.0,2.0,0.0,1.0,-0.08,1
-0.5,7.0,1.0,-0.5187193115666918,0.0,-0.25,-0.2,0.0,0.0,2.0,0.0,4.0,0.18,1
-0.7666666666666667,1.0,0.0,0.09205264490002549,1.0,0.5,-0.6,0.0,0.0,3.0,0.0,0.0,-0.8,0
0.03333333333333333,6.0,1.0,-0.9306200961781825,2.0,0.25,1.4,0.0,1.0,4.0,0.0,1.0,0.52,1
0.7,7.0,1.0,-0.9876082004555807,0.0,-0.75,0.4,1.0,0.0,4.0,0.0,2.0,0.08,1
-0.4,1.0,1.0,0.9196001012401924,0.0,0.75,1.4,0.0,2.0,1.0,1.0,0.0,-0.68,0
-0.6333333333333333,5.0,1.0,0.06620602379144541,3.0,0.5,-0.2,0.0,5.0,1.0,0.0,4.0,-0.5,1
-0.13333333333333333,4.0,1.0,-0.44466717286762836,3.0,0.5,-0.2,0.0,1.0,3.0,0.0,1.0,-0.48,1
0.5333333333333333,5.0,1.0,-1.0332978992660085,1.0,0.75,0.6,0.0,1.0,2.0,0.0,0.0,0.6,1
-0.1,4.0,1.0,0.6262971399645662,0.0,-1.0,0.0,0.0,5.0,1.0,0.0,2.0,0.56,1
-0.6333333333333333,6.0,1.0,-0.5406529992406984,3.0,-1.0,0.4,0.0,1.0,0.0,0.0,1.0,0.0,1
0.4666666666666667,2.0,1.0,1.39192609465958,2.0,0.75,-0.6,0.0,0.0,2.0,0.0,0.0,-0.72,0
0.1,6.0,1.0,0.6315818780055682,3.0,-0.25,-0.2,0.0,4.0,0.0,0.0,0.0,0.5,1
-0.8666666666666667,3.0,0.0,-0.6345178435839027,3.0,0.0,-0.6,1.0,3.0,4.0,0.0,0.0,0.12,0
-0.4666666666666667,7.0,1.0,-0.5641559098962287,0.0,0.75,-0.6,1.0,0.0,2.0,0.0,3.0,0.82,1
0.6333333333333333,0.0,1.0,1.2865097443685143,0.0,0.0,-0.6,0.0,4.0,3.0,0.0,4.0,-0.86,0
-0.9,2.0,0.0,-0.0848747152619588,4.0,-0.25,-0.6,0.0,4.0,4.0,0.0,1.0,-0.52,0
0.5,6.0,1.0,-0.4106555302455073,2.0,0.25,1.4,0.0,1.0,4.0,0.0,1.0,-0.48,1
-0.23333333333333334,1.0,1.0,0.0001518602885346403,0.0,0.0,-0.6,1.0,2.0,0.0,0.0,1.0,0.5,0
-1.0,2.0,0.0,-0.41414831688180187,1.0,0.5,0.2,0.0,2.0,4.0,0.0,0.0,-0.32,0
-0.7333333333333333,7.0,0.0,0.1621311060491017,2.0,0.5,0.6,1.0,1.0,1.0,0.0,4.0,-0.86,1
0.8,4.0,1.0,-0.07847127309541864,2.0,-0.25,0.0,1.0,1.0,2.0,0.0,2.0,-0.1,1
-0.06666666666666667,2.0,1.0,0.643877499367249,0.0,0.0,-0.6,1.0,5.0,1.0,0.0,1.0,0.52,0
0.6,4.0,1.0,-0.31594026828650956,2.0,-0.5,0.4,0.0,5.0,0.0,0.0,4.0,-0.02,1
0.9,7.0,1.0,-0.6927360161984306,0.0,-0.25,0.2,0.0,3.0,0.0,0.0,4.0,0.48,1
0.43333333333333335,6.0,1.0,-0.2858820551759047,3.0,-0.25,0.4,0.0,3.0,2.0,0.0,3.0,0.1,1
-0.9,7.0,0.0,-0.29051379397620847,4.0,-0.5,0.4,0.0,3.0,4.0,0.0,1.0,-0.4,1
0.7666666666666667,2.0,1.0,-0.07976714755758033,3.0,0.0,1.4,1.0,3.0,3.0,0.0,0.0,0.3,0
0.8,1.0,1.0,0.4609111617312074,0.0,0.0,0.0,0.0,4.0,0.0,0.0,4.0,0.1,0
0.03333333333333333,5.0,1.0,0.4194279929131867,0.0,0.5,-0.4,0.0,4.0,2.0,1.0,4.0,0.04,1
0.7333333333333333,2.0,1.0,0.8900075930144268,3.0,-0.25,0.2,0.0,5.0,3.0,0.0,2.0,-0.72,0
-1.0333333333333334,7.0,0.0,-0.6370589724120475,1.0,-0.25,-0.6,1.0,2.0,4.0,0.0,3.0,0.2,1
-0.4666666666666667,5.0,1.0,0.27425968109339416,1.0,1.0,0.6,0.0,1.0,0.0,0.0,4.0,0.64,1
0.0,7.0,1.0,0.5313591495823844,1.0,0.25,-0.6,0.0,2.0,2.0,0.0,4.0,0.88,1
0.5,1.0,1.0,-0.5328321943811691,0.0,-0.25,-0.4,0.0,0.0,2.0,0.0,0.0,0.08,0
0.5666666666666667,7.0,1.0,-0.17855226524930376,2.0,-0.75,0.6,0.0,4.0,2.0,0.0,0.0,-0.58,1
-0.7,6.0,0.0,-1.0332978992660085,0.0,0.25,0.0,1.0,3.0,0.0,1.0,2.0,-0.7,1
-0.36666666666666664,0.0,1.0,0.6676841305998482,2.0,-0.75,-0.4,0.0,3.0,3.0,1.0,2.0,0.56,0
-0.2,4.0,1.0,-0.1845254365983294,3.0,0.0,-0.2,1.0,0.0,2.0,0.0,2.0,-0.28,1
-0.23333333333333334,4.0,1.0,0.5915312579093901,4.0,0.25,0.6,0.0,2.0,4.0,0.0,0.0,0.4,1
-0.3333333333333333,2.0,1.0,0.13555555555555576,2.0,-0.25,-0.4,0.0,3.0,2.0,0.0,0.0,0.62,0
0.9,0.0,1.0,-0.16149329283725627,1.0,-0.5,0.6,1.0,2.0,3.0,0.0,3.0,-0.44,0
-0.16666666666666666,7.0,1.0,-1.0332978992660085,0.0,0.5,-0.6,0.0,1.0,0.0,0.0,1.0,0.12,1
0.5666666666666667,1.0,1.0,-1.0332978992660085,3.0,-0.75,0.4,0.0,0.0,2.0,0.0,1.0,0.92,0
-0.6333333333333333,2.0,1.0,-1.0332978992660085,1.0,0.25,0.6,1.0,2.0,2.0,0.0,3.0,0.52,0
0.03333333333333333,7.0,1.0,-0.4480890913692735,3.0,-0.25,-0.6,0.0,1.0,4.0,0.0,1.0,-0.6,1
0.06666666666666667,5.0,1.0,1.7089800050620096,4.0,0.25,-0.2,0.0,2.0,4.0,0.0,0.0,-0.7,1
0.3,3.0,1.0,-0.9988357377879017,0.0,-0.25,-0.6,0.0,2.0,2.0,1.0,1.0,-0.74,0
0.1,7.0,1.0,-1.0332978992660085,0.0,-0.25,0.4,0.0,3.0,2.0,0.0,0.0,-0.08,1
-1.0333333333333334,0.0,0.0,0.710058213110605,4.0,-0.25,0.0,0.0,5.0,4.0,0.0,3.0,-0.4,0
-0.36666666666666664,2.0,1.0,1.7738800303720579,0.0,1.0,0.2,0.0,4.0,3.0,0.0,2.0,0.5,0
0.5333333333333333,0.0,1.0,0.20531511009870937,2.0,0.5,-0.6,0.0,2.0,1.0,1.0,3.0,0.66,0
0.7666666666666667,2.0,1.0,0.19833966084535568,3.0,-0.5,-0.6,0.0,2.0,1.0,0.0,1.0,-0.24,0
-0.8666666666666667,7.0,0.0,-0.2561883067577827,1.0,-0.5,-0.6,1.0,2.0,2.0,0.0,0.0,0.9,1
-0.13333333333333333,6.0,1.0,-1.0332978992660085,4.0,0.25,-0.4,0.0,5.0,4.0,0.0,1.0,0.1,1
-0.5,5.0,1.0,-1.0332978992660085,2.0,0.25,0.0,0.0,1.0,0.0,0.0,1.0,0.12,1
-0.9,7.0,0.0,-0.26140723867375343,1.0,-0.25,0.6,1.0,0.0,0.0,1.0,2.0,0.78,1
-0.03333333333333333,4.0,1.0,-0.4069653252341178,1.0,1.0,0.2,0.0,3.0,1.0,0.0,1.0,0.94,1
-0.9,0.0,0.0,-0.10834725385978232,4.0,-0.25,-0.2,0.0,5.0,3.0,0.0,2.0,-0.72,0
0.2,3.0,1.0,0.6088129587446216,2.0,1.0,1.4,0.0,1.0,1.0,0.0,0.0,-0.48,0
-0.9666666666666667,3.0,0.0,-0.46268792710706136,1.0,-0.25,0.4,1.0,2.0,2.0,0.0,0.0,0.92,0
0.7,1.0,1.0,0.6242976461655279,1.0,-0.75,1.0,1.0,1.0,3.0,0.0,2.0,-1.02,0
-0.3,2.0,1.0,-0.457711971652746,2.0,-0.75,0.0,0.0,5.0,0.0,0.0,3.0,-0.22,0
0.16666666666666666,0.0,1.0,0.767441154138193,0.0,0.0,-0.6,0.0,5.0,4.0,0.0,0.0,-0.08,0
0.7,1.0,1.0,0.04468235889648212,1.0,-0.25,-0.6,1.0,5.0,4.0,0.0,3.0,-0.42,0
0.16666666666666666,0.0,1.0,-0.35182485446722334,3.0,0.5,0.4,0.0,0.0,2.0,0.0,0.0,-0.32,0
-0.7333333333333333,4.0,0.0,0.03171855226524946,2.0,0.0,-0.6,1.0,4.0,1.0,0.0,0.0,-0.38,1
-0.7333333333333333,2.0,0.0,-0.2437813211845101,1.0,0.25,-0.4,0.0,3.0,2.0,0.0,4.0,-0.38,0
-0.43333333333333335,7.0,1.0,0.06500632751202232,4.0,-0.25,0.0,0.0,0.0,4.0,0.0,1.0,0.6,1
-0.5,7.0,1.0,0.554735509997469,3.0,-0.75,0.0,0.0,0.0,0.0,0.0,1.0,-0.58,1
-0.36666666666666664,3.0,1.0,-0.08711718552265245,1.0,1.0,0.2,0.0,4.0,4.0,0.0,3.0,0.16,0
-0.6,7.0,1.0,-0.30150847886610965,3.0,0.5,-0.6,0.0,0.0,3.0,1.0,1.0,0.7,1
-0.7666666666666667,7.0,0.0,-0.8739812705644139,3.0,-0.25,-0.4,0.0,5.0,4.0,0.0,3.0,0.54,1
0.4666666666666667,4.0,1.0,0.41887623386484446,0.0,-0.5,0.2,0.0,5.0,4.0,0.0,0.0,0.76,1
-1.0333333333333334,6.0,0.0,0.24354846874209066,3.0,-0.5,1.4,0.0,1.0,3.0,0.0,4.0,-0.44,1
0.6333333333333333,3.0,1.0,-0.9183447228549733,0.0,1.0,0.4,1.0,2.0,1.0,1.0,4.0,0.74,0
0.43333333333333335,1.0,1.0,0.6134953176411035,2.0,0.0,1.0,0.0,0.0,4.0,0.0,0.0,-0.14,0
-0.6333333333333333,5.0,1.0,-0.9306808402935964,0.0,-0.5,0.4,0.0,2.0,2.0,0.0,2.0,0.56,1
-0.9333333333333333,6.0,0.0,0.7605922551252848,4.0,0.0,0.0,1.0,3.0,4.0,0.0,2.0,-0.26,1
-1.0333333333333334,1.0,0.0,0.501397114654518,1.0,-0.75,-0.6,0.0,5.0,2.0,0.0,1.0,-0.14,0
0.5666666666666667,2.0,1.0,0.29775752973930664,2.0,-0.25,0.2,1.0,1.0,3.0,0.0,3.0,0.52,0
0.26666666666666666,6.0,1.0,-0.3071475575803593,2.0,-0.75,0.2,0.0,3.0,4.0,0.0,4.0,0.58,1
0.0,4.0,1.0,0.4162946089597572,4.0,-0.75,0.2,0.0,1.0,3.0,0.0,1.0,-0.8,1
